Time	ms	Pane1-EM102A_flow	Pane1-EM102A_power	Pane1-EM102A_retTemp	Pane1-EM102A_suppTemp	Pane1-PT102A1_pv	Pane1-PT102A2_pv
45354	0	6,023.1651003	12,491.3637805	11.4572436	5.202542	3.885	5.70276
45354.006944444445253	0	5,968.5410307	12,364.949673	11.4628562	5.2146275	3.88894	5.70698
45354.013888888890506	0	5,994.6484085	12,452.898568	11.4820718	5.2157194	3.88885	5.70683
45354.020833333335759	0	6,032.3488774	12,568.305648	11.4902747	5.2040836	3.88871	5.70343
45354.027777777781012	0	5,977.4853102	12,442.5828315	11.4823433	5.2016949	3.88475	5.70082
45354.034722222218988	0	6,014.3492627	12,473.945695	11.4585318	5.1996289	3.8872001	5.70057
45354.041666666664241	0	6,068.3227712	12,531.616681	11.4331361	5.2011847	3.88523	5.7040101
45354.048611111109494	0	6,113.3108519	12,593.8834495	11.4276397	5.2143557	3.88865	5.7002901
45354.055555555554747	0	6,061.5479246	12,489.8642465	11.4228953	5.2112135	3.88776	5.70062
45354.0625	0	5,917.2107984	12,202.5386605	11.4246526	5.2033267	3.88438	5.69937
45354.069444444445253	0	5,957.6259402	12,324.3318895	11.4479981	5.207009	3.87763	5.70098
45354.076388888890506	0	6,023.4867163	12,516.135156	11.4760167	5.2091715	3.86928	5.70264
45354.083333333335759	0	5,920.0058203	12,345.789031	11.4701994	5.1829698	3.86746	5.7050299
45354.090277777781012	0	5,994.6084253	12,431.071516	11.4553071	5.1986629	3.87593	5.6941
45354.097222222218988	0	6,112.8108447	12,604.259669	11.4362326	5.212372	3.87954	5.68475
45354.104166666664241	0	6,108.3552371	12,584.3680175	11.4389208	5.2210593	3.87918	5.6817101
45354.111111111109494	0	6,076.6206033	12,520.1914865	11.4500714	5.2305862	3.88123	5.6714101
45354.118055555554747	0	5,992.5255887	12,375.067005	11.4475323	5.2209877	3.87216	5.67105
45354.125	0	6,017.2593971	12,454.7772775	11.429293	5.1908408	3.86172	5.68722
45354.131944444445253	0	5,989.9132885	12,408.363466	11.414715	5.1613125	3.8564101	5.71062
45354.138888888890506	0	5,954.4238916	12,262.513838	11.399937	5.1823846	3.86824	5.70702
45354.145833333335759	0	5,994.6132056	12,290.5513995	11.3581197	5.1733427	3.87772	5.70452
45354.152777777781012	0	5,941.3303297	12,137.3654665	11.3338933	5.1740663	3.87442	5.71061
45354.159722222218988	0	5,930.9060696	12,073.315059	11.3218938	5.182938	3.8753301	5.7088999
45354.166666666664241	0	5,964.6928346	12,137.963857	11.3147055	5.1740253	3.87265	5.7101
45354.173611111109494	0	5,928.2432981	12,063.239605	11.322245	5.1818292	3.87205	5.7077699
45354.180555555554747	0	5,959.1066261	12,131.6015165	11.3321988	5.1902935	3.88059	5.7008099
45354.1875	0	6,003.1744166	12,224.580206	11.3346088	5.1893035	3.88023	5.70301
45354.194444444445253	0	5,907.9815451	12,003.0499895	11.3258258	5.1950381	3.88298	5.69901
45354.201388888890506	0	5,858.2831543	11,890.133064	11.3087019	5.1846735	3.88099	5.69713
45354.208333333335759	0	5,985.4550781	12,097.74698	11.2860142	5.1836251	3.88091	5.69549
45354.215277777781012	0	6,026.2773629	12,132.1919405	11.2592263	5.1817404	3.88335	5.69615
45354.222222222218988	0	6,060.331018	12,150.7502725	11.2310197	5.1844844	3.88263	5.7013
45354.229166666664241	0	6,125.3072388	12,226.074902	11.209031	5.1888124	3.88654	5.70623
45354.236111111109494	0	6,066.5290235	12,105.331522	11.2055213	5.1858938	3.89004	5.71027
45354.243055555554747	0	5,985.7087354	11,943.589332	11.2054087	5.1896435	3.89476	5.7092599
45354.25	0	6,006.6532517	11,996.2471465	11.2108378	5.1857406	3.88985	5.71273
45354.256944444445253	0	5,983.7683522	11,941.4179895	11.2166309	5.1912227	3.88798	5.7079
45354.263888888890506	0	5,979.6314115	11,955.0492905	11.2171342	5.1826516	3.88725	5.70627
45354.270833333335759	0	6,022.9357303	12,067.937528	11.2320463	5.184314	3.89033	5.70605
45354.277777777781012	0	6,043.2689673	12,116.7310095	11.2412284	5.1935553	3.89601	5.70657
45354.284722222218988	0	6,007.5223411	12,059.9138075	11.2503561	5.1948678	3.89458	5.71262
45354.291666666664241	0	5,986.1147998	11,962.343516	11.2482919	5.2163219	3.90483	5.69688
45354.298611111109494	0	6,074.5081374	12,091.784185	11.2531755	5.2455516	3.91458	5.67286
45354.305555555554747	0	6,068.6145533	12,195.994929	11.271278	5.2111092	3.91687	5.6550299
45354.3125	0	6,007.0594387	12,406.036364	11.2847552	5.0577023	3.91148	5.6521799
45354.319444444445253	0	6,026.7796535	12,666.2206765	11.3011718	4.9645706	3.91008	5.65337
45354.326388888890506	0	6,114.7985989	12,860.4124895	11.3088073	4.9678195	3.9185799	5.6447901
45354.333333333335759	0	6,156.2853883	12,958.8329915	11.3134745	4.9655955	3.9129099	5.6425801
45354.340277777781012	0	6,151.4242067	12,926.965325	11.3069154	4.9687759	3.90966	5.6340799
45354.347222222218988	0	6,133.6723586	12,902.300495	11.3017329	4.9569512	3.90211	5.6331199
45354.354166666664241	0	6,170.2780198	13,019.4306745	11.3277099	4.965214	3.8946	5.63462
45354.361111111109494	0	6,113.7859838	12,958.0858205	11.3622343	4.9641047	3.89936	5.63198
45354.368055555554747	0	6,098.0410963	13,000.737801	11.4047667	4.9701752	3.9017799	5.63053
45354.375	0	6,088.645188	13,025.546309	11.4285022	4.9757499	3.90465	5.63174
45354.381944444445253	0	6,113.997124	13,085.021432	11.4293212	4.9686553	3.90466	5.63
45354.388888888890506	0	6,104.9440697	13,070.23504	11.4598129	4.9936064	3.90535	5.6109901
45354.395833333335759	0	6,012.7686719	12,977.597544	11.5245896	5.006496	3.89935	5.60174
45354.402777777781012	0	6,084.4583448	13,187.1082215	11.5427552	4.9966273	3.88919	5.59853
45354.409722222218988	0	6,167.5279319	13,270.418351	11.479993	4.9838217	3.88964	5.5947
45354.416666666664241	0	6,124.4489549	13,133.418507	11.4541821	4.9883	3.88708	5.5994
45354.423611111109494	0	6,220.1364744	13,326.43781	11.4628062	5.0064367	3.88495	5.59678
45354.430555555554747	0	6,232.3711571	13,344.747806	11.4719708	5.0128247	3.89015	5.5855
45354.4375	0	6,190.1121555	13,313.800216	11.4872315	4.9981881	3.88433	5.5893099
45354.444444444445253	0	6,098.6662206	13,128.6201955	11.4943681	5.0021813	3.87934	5.59548
45354.451388888890506	0	6,075.8699998	13,075.1158145	11.5089112	5.0188384	3.8898	5.5893399
45354.458333333335759	0	6,161.1531394	13,295.4214505	11.5206877	5.0076524	3.89136	5.5946899
45354.465277777781012	0	6,104.6270947	13,192.929421	11.5234019	5.0042124	3.88844	5.6048099
45354.472222222218988	0	6,080.3320996	13,168.045575	11.5343212	5.0051192	3.89105	5.60648
45354.479166666664241	0	6,103.9618796	13,248.9049	11.553875	5.0072324	3.88724	5.6109901
45354.486111111109494	0	6,105.2087498	13,253.898729	11.575731	5.0233242	3.89063	5.60734
45354.493055555554747	0	6,080.2900368	13,243.491894	11.5879088	5.0173595	3.89539	5.60743
45354.5	0	6,114.457327	13,352.5130295	11.5933082	5.0068073	3.89346	5.61462
45354.506944444445253	0	6,127.2973439	13,361.9653685	11.6025751	5.0248635	3.90049	5.6119699
45354.513888888890506	0	6,100.529314	13,335.560128	11.6163111	5.0227008	3.89955	5.61026
45354.520833333335759	0	6,022.4690895	13,192.3593825	11.629569	5.0200022	3.89155	5.60496
45354.527777777781012	0	6,025.0713819	13,203.4914815	11.6391969	5.0279009	3.89203	5.59678
45354.534722222218988	0	6,158.9018775	13,510.858944	11.6356735	5.0190986	3.88475	5.60042
45354.541666666664241	0	6,161.2864183	13,499.4305765	11.6326338	5.0215755	3.88219	5.6009101
45354.548611111109494	0	6,094.6074828	13,377.8139475	11.638178	5.0164834	3.88825	5.5973001
45354.555555555554747	0	6,099.4557054	13,417.9567495	11.6526788	5.0195145	3.88682	5.60047
45354.5625	0	6,185.4964086	13,595.485286	11.6656676	5.0377192	3.88512	5.59985
45354.569444444445253	0	6,194.6829563	13,636.839468	11.6648106	5.02223	3.88222	5.5978901
45354.576388888890506	0	6,159.7429952	13,575.4497005	11.6682319	5.0157958	3.88048	5.59741
45354.583333333335759	0	6,131.7492847	13,504.485534	11.6760017	5.0341196	3.88994	5.5910299
45354.590277777781012	0	6,129.5334499	13,517.7451235	11.6799237	5.0275542	3.89027	5.5965799
45354.597222222218988	0	6,128.7869727	13,517.101479	11.6839018	5.0324162	3.88675	5.60339
45354.604166666664241	0	6,117.4406862	13,497.141286	11.6866013	5.0333362	3.89559	5.59548
45354.611111111109494	0	6,079.5009204	13,451.144149	11.6861955	5.0111523	3.89234	5.60104
45354.618055555554747	0	6,075.6398851	13,434.672189	11.6938299	5.0241122	3.89194	5.60332
45354.625	0	6,093.8178736	13,475.9764585	11.7061571	5.0361674	3.89834	5.5950001
45354.631944444445253	0	6,088.9668675	13,495.3634485	11.7119188	5.027682	3.89037	5.6042201
45354.638888888890506	0	6,077.6972486	13,484.7263075	11.7258969	5.0324252	3.89096	5.6049701
45354.645833333335759	0	6,094.554458	13,547.599553	11.7428914	5.0329261	3.89512	5.59648
45354.652777777781012	0	6,079.0001461	13,566.088419	11.7473742	5.0139391	3.88647	5.6023
45354.659722222218988	0	6,099.0843848	13,614.767012	11.7499859	5.0179504	3.88326	5.60114
45354.666666666664241	0	6,081.8107569	13,554.8601045	11.7498669	5.0253544	3.88655	5.59579
45354.673611111109494	0	5,997.3633298	13,362.6833825	11.7488153	5.0250648	3.88222	5.5973099
45354.680555555554747	0	5,943.783252	13,263.5102445	11.7601616	5.0273894	3.8722	5.59149
45354.6875	0	5,966.3004348	13,390.2236295	11.7758157	5.000791	3.86416	5.59656
45354.694444444445253	0	6,028.9029006	13,554.759635	11.7755262	4.9868205	3.86609	5.60755
45354.701388888890506	0	6,073.5529643	13,680.3736495	11.7948001	4.9986751	3.8733	5.60844
45354.708333333335759	0	6,057.4446536	13,681.6599525	11.8165646	5.0051257	3.87435	5.61182
45354.715277777781012	0	6,078.5573096	13,698.0880355	11.797122	5.0011153	3.87484	5.61182
45354.722222222218988	0	6,141.4490332	13,810.54783	11.7658448	4.9814418	3.87196	5.61525
45354.729166666664241	0	5,997.2498657	13,442.723235	11.7487768	4.9873503	3.87161	5.6159199
45354.736111111109494	0	6,047.5570388	13,528.49729	11.7363339	4.9917585	3.87807	5.61466
45354.743055555554747	0	6,098.1073438	13,624.7631865	11.7305776	4.9923609	3.87886	5.6169501
45354.75	0	6,006.7903879	13,403.118731	11.7266552	4.9931997	3.88003	5.61376
45354.756944444445253	0	6,025.4149683	13,448.608661	11.7185946	4.9844113	3.87393	5.6151799
45354.763888888890506	0	6,100.5971731	13,602.9894575	11.7164703	4.9905715	3.87603	5.611
45354.770833333335759	0	6,090.4965064	13,580.532927	11.701803	4.9793026	3.87234	5.61523
45354.777777777781012	0	6,032.0234593	13,425.688045	11.6865869	4.977225	3.87167	5.6160801
45354.784722222218988	0	6,063.1245286	13,469.24702	11.6693644	4.969179	3.87513	5.61854
45354.791666666664241	0	6,088.2903418	13,492.962528	11.6567596	4.966136	3.87234	5.6244901
45354.798611111109494	0	6,062.3417457	13,438.6645205	11.6475535	4.953193	3.87137	5.62866
45354.805555555554747	0	5,951.6261403	13,203.3872035	11.6374043	4.9444746	3.86337	5.63531
45354.8125	0	5,999.7608495	13,266.8789495	11.6319748	4.9626629	3.8707	5.6257601
45354.819444444445253	0	6,109.486362	13,496.681654	11.6170921	4.9486576	3.87205	5.62914
45354.826388888890506	0	6,106.049685	13,455.7768615	11.6054445	4.9550365	3.86817	5.63342
45354.833333333335759	0	6,012.8821557	13,235.2591585	11.5846862	4.9452374	3.87692	5.63106
45354.840277777781012	0	6,015.2023753	13,243.41986	11.5649539	4.9270061	3.87015	5.64397
45354.847222222218988	0	6,100.6909109	13,398.750663	11.563984	4.9424904	3.87052	5.64233
45354.854166666664241	0	6,032.7055079	13,253.51024	11.5667852	4.9400268	3.87142	5.64112
45354.861111111109494	0	5,972.1555686	13,095.748488	11.5552072	4.93759	3.86673	5.64108
45354.868055555554747	0	6,028.5083104	13,190.181462	11.5351534	4.9350345	3.87344	5.6361299
45354.875	0	6,038.8609716	13,214.0757125	11.5201649	4.9211114	3.86599	5.6454101
45354.881944444445253	0	6,088.6985401	13,258.0759915	11.5065931	4.9363796	3.87324	5.6383
45354.888888888890506	0	6,094.9746386	13,266.652648	11.4932817	4.9280085	3.8761	5.6400099
45354.895833333335759	0	6,062.9135573	13,187.707112	11.4766687	4.9215191	3.87201	5.6474499
45354.902777777781012	0	5,999.4385304	12,990.4995615	11.4579968	4.9291866	3.8801801	5.64451
45354.909722222218988	0	5,873.1761401	12,456.243896	11.4477742	5.0510793	3.87496	5.6532499
45354.916666666664241	0	5,957.897136	12,236.0236005	11.4378992	5.2429486	3.88162	5.6500599
45354.923611111109494	0	6,087.7954883	12,446.700338	11.4244085	5.2547805	3.88632	5.65432
45354.930555555554747	0	6,024.0891307	12,307.073867	11.4214982	5.2572988	3.88088	5.65976
45354.9375	0	5,962.7645846	12,130.452263	11.4233716	5.2853286	3.88633	5.6490199
45354.944444444445253	0	5,938.727285	12,120.0301195	11.4264266	5.2689908	3.87574	5.6509599
45354.951388888890506	0	5,976.1735229	12,194.876296	11.427281	5.2705777	3.87328	5.6437
45354.958333333335759	0	5,962.2112816	12,166.6932315	11.427575	5.2709634	3.87669	5.63934
45354.965277777781012	0	6,019.5796414	12,303.361849	11.4258395	5.2591442	3.87147	5.64475
45354.972222222218988	0	6,093.1182768	12,411.5122555	11.4180766	5.2725386	3.8847001	5.64079
45354.979166666664241	0	6,048.1908158	12,352.55441	11.4227819	5.2609694	3.88394	5.6534299
45354.986111111109494	0	6,017.6364234	12,300.0346055	11.4326997	5.2659871	3.88503	5.6590299
45354.993055555554747	0	5,950.6027856	12,161.862087	11.4286726	5.2629237	3.88784	5.65978
45355	0	6,051.5098217	12,386.600026	11.424897	5.2498314	3.87753	5.66726
45355.006944444445253	0	6,134.6323365	12,520.9335835	11.428171	5.2696983	3.887	5.65703
45355.013888888890506	0	5,991.7999345	12,253.0578045	11.4298449	5.2594688	3.88658	5.65916
45355.020833333335759	0	5,985.5398977	12,217.0168115	11.4220825	5.2611378	3.88754	5.65756
45355.027777777781012	0	6,069.7640991	12,354.392575	11.4167826	5.2716472	3.8914601	5.65537
45355.034722222218988	0	6,045.2190645	12,333.0972525	11.4242462	5.2689044	3.88317	5.6603799
45355.041666666664241	0	5,991.9435544	12,197.329159	11.4285202	5.2875057	3.89234	5.64563
45355.048611111109494	0	6,032.8711253	12,310.578495	11.4332981	5.2769974	3.89172	5.64521
45355.055555555554747	0	6,028.8684813	12,311.5003705	11.4366983	5.2778714	3.8848	5.6496401
45355.0625	0	6,023.9693165	12,280.5565315	11.4233676	5.2756134	3.89032	5.6459801
45355.069444444445253	0	6,050.7745338	12,352.0992325	11.4157004	5.2576801	3.8863	5.6528
45355.076388888890506	0	6,119.4366114	12,443.535021	11.4091462	5.2778996	3.88966	5.6453301
45355.083333333335759	0	6,086.3628908	12,378.3733925	11.4050028	5.2723824	3.88862	5.64457
45355.090277777781012	0	6,000.320242	12,211.1731425	11.4074963	5.26919	3.881	5.64733
45355.097222222218988	0	6,007.1749635	12,204.0225285	11.4057958	5.2795178	3.88432	5.64225
45355.104166666664241	0	6,058.9689893	12,353.986921	11.4106927	5.2602663	3.88111	5.64837
45355.111111111109494	0	6,084.8161864	12,398.942846	11.4199689	5.2709267	3.88249	5.64764
45355.118055555554747	0	6,029.5993162	12,336.4329525	11.4210985	5.2487662	3.87188	5.66309
45355.125	0	5,995.4902563	12,302.3927785	11.4021109	5.2137239	3.86447	5.67827
45355.131944444445253	0	6,039.9968089	12,312.860726	11.3776066	5.2322103	3.87512	5.67106
45355.138888888890506	0	5,965.4656419	12,101.5679505	11.3684586	5.2493994	3.87763	5.65901
45355.145833333335759	0	5,901.9924706	11,936.92773	11.3561499	5.2553686	3.88482	5.64429
45355.152777777781012	0	6,041.0876368	12,208.3932075	11.3298354	5.2364997	3.87542	5.65479
45355.159722222218988	0	6,118.0285449	12,298.871861	11.304685	5.2379244	3.87815	5.654
45355.166666666664241	0	6,046.085466	12,120.819792	11.2946481	5.2462725	3.8862	5.64818
45355.173611111109494	0	6,033.782812	12,117.776858	11.2991004	5.2485524	3.87736	5.65342
45355.180555555554747	0	6,059.4807199	12,133.887665	11.2781232	5.2450152	3.8818	5.64898
45355.1875	0	6,025.0915404	12,041.28404	11.2488988	5.2214349	3.87815	5.65568
45355.194444444445253	0	6,087.1246681	12,097.874796	11.2178117	5.222264	3.88234	5.6585599
45355.201388888890506	0	6,053.8345096	11,961.368242	11.1807102	5.2234001	3.8944	5.66005
45355.208333333335759	0	5,978.2274833	11,777.4340955	11.1604772	5.2197999	3.89319	5.67021
45355.215277777781012	0	6,007.3615385	11,785.820869	11.1510191	5.2288539	3.89575	5.66949
45355.222222222218988	0	5,977.8224173	11,766.828174	11.1568732	5.2150302	3.88822	5.67325
45355.229166666664241	0	5,954.0304445	11,741.1224725	11.1731784	5.2236469	3.8878	5.66618
45355.236111111109494	0	5,970.7397732	11,756.1572505	11.1770502	5.2362063	3.89443	5.65654
45355.243055555554747	0	6,020.8852857	11,878.103406	11.176781	5.2199801	3.88487	5.666
45355.25	0	6,007.8006761	11,826.224363	11.1716877	5.232007	3.89236	5.65736
45355.256944444445253	0	6,057.0258104	11,938.9858185	11.1729628	5.231129	3.89363	5.65616
45355.263888888890506	0	6,076.8232006	11,972.951785	11.1709208	5.2234338	3.88642	5.6575201
45355.270833333335759	0	6,046.7472679	11,887.5952115	11.1617415	5.2249336	3.89145	5.6484401
45355.277777777781012	0	6,071.1790551	11,955.3742135	11.169635	5.2304333	3.88467	5.65429
45355.284722222218988	0	6,073.2797437	11,969.7110475	11.1959575	5.2570852	3.88947	5.64895
45355.291666666664241	0	6,047.7350952	11,969.9041685	11.213314	5.2475213	3.89472	5.64986
45355.298611111109494	0	6,036.499243	11,947.0953585	11.2129034	5.2418297	3.89414	5.6524098
45355.305555555554747	0	6,126.7405516	12,100.38325	11.2225663	5.2636416	3.90247	5.6424498
45355.3125	0	6,197.6300756	12,267.9878635	11.2404696	5.2702399	3.90506	5.64151
45355.319444444445253	0	6,089.0878809	12,034.251108	11.260493	5.2952047	3.92184	5.63124
45355.326388888890506	0	6,009.1272702	12,079.136042	11.2769802	5.208723	3.92781	5.6277999
45355.333333333335759	0	6,144.1102418	12,783.1645495	11.3274409	5.0513903	3.9249	5.6274299
45355.340277777781012	0	6,223.8168485	13,194.468817	11.380993	4.9893482	3.92649	5.6234
45355.347222222218988	0	6,188.1930981	13,233.7653075	11.4257665	4.9811786	3.9208899	5.6324399
45355.354166666664241	0	6,200.686067	13,353.176164	11.4863603	4.9853669	3.92146	5.6315299
45355.361111111109494	0	6,180.4441947	13,372.5810465	11.510686	4.9803799	3.92128	5.62668
45355.368055555554747	0	6,098.2946145	13,248.5191525	11.5322098	4.9797456	3.91434	5.63262
45355.375	0	6,041.3010817	13,174.6265165	11.5713478	4.9900582	3.91698	5.62723
45355.381944444445253	0	6,095.2969532	13,392.8450825	11.619774	4.9911867	3.914	5.62954
45355.388888888890506	0	6,041.4229202	13,329.417805	11.6523916	4.9978248	3.91109	5.6294199
45355.395833333335759	0	6,048.9532057	13,396.3618485	11.6869984	4.9992326	3.91056	5.6234599
45355.402777777781012	0	6,172.0192113	13,744.469179	11.7255487	5.0031739	3.90305	5.62414
45355.409722222218988	0	6,040.7199562	13,485.899274	11.7517465	5.0187699	3.90311	5.61842
45355.416666666664241	0	5,990.7699802	13,395.052232	11.7577039	5.0139175	3.8998	5.6178
45355.423611111109494	0	6,095.6609494	13,631.45298	11.7560834	5.007887	3.89743	5.61748
45355.430555555554747	0	6,146.4271752	13,758.346639	11.7646506	5.0088342	3.90089	5.61818
45355.4375	0	6,145.4388059	13,780.54776	11.7834229	5.0165192	3.90006	5.6185699
45355.444444444445253	0	6,085.5711226	13,655.1876605	11.8030749	5.0327147	3.90196	5.6122299
45355.451388888890506	0	6,033.3980513	13,596.347628	11.8218902	5.0237509	3.8961899	5.61476
45355.458333333335759	0	6,080.6651657	13,722.1630535	11.8358798	5.0263813	3.89445	5.6122201
45355.465277777781012	0	6,128.5721803	13,825.627176	11.8447227	5.0369323	3.89764	5.6081501
45355.472222222218988	0	6,092.2777616	13,773.8726065	11.8642719	5.0429544	3.89334	5.6116801
45355.479166666664241	0	6,144.330281	13,881.519052	11.8821129	5.0648001	3.89598	5.60644
45355.486111111109494	0	6,066.1982716	13,732.487053	11.8884873	5.0613568	3.89264	5.6092
45355.493055555554747	0	6,037.2692799	13,689.6861525	11.8903013	5.0488587	3.88551	5.6108501
45355.5	0	6,172.0308519	13,999.5131345	11.8925054	5.0503767	3.88873	5.6042601
45355.506944444445253	0	6,182.770798	14,079.5982765	11.8942249	5.0280579	3.88911	5.6075601
45355.513888888890506	0	6,032.7372142	13,732.5134965	11.893013	5.032768	3.89063	5.60745
45355.520833333335759	0	6,069.784822	13,812.167248	11.899095	5.0411397	3.8962	5.60545
45355.527777777781012	0	6,121.7862428	13,951.8109895	11.9174401	5.0409475	3.89391	5.61076
45355.534722222218988	0	6,110.9180124	13,924.7500165	11.9365736	5.0632974	3.89704	5.60751
45355.541666666664241	0	6,114.7403074	13,963.2955125	11.9455397	5.0567148	3.89803	5.60939
45355.548611111109494	0	6,125.1006591	13,981.144956	11.9298075	5.0420282	3.8971	5.6133299
45355.555555555554747	0	6,137.0739452	13,991.672262	11.9216006	5.0479558	3.90337	5.6104901
45355.5625	0	6,128.0184646	13,985.2187395	11.9301529	5.0505495	3.90196	5.6180202
45355.569444444445253	0	6,085.7848658	13,847.7202445	11.9272805	5.0629775	3.89958	5.6172901
45355.576388888890506	0	6,152.6933569	14,007.993974	11.9260979	5.0558582	3.90294	5.61175
45355.583333333335759	0	6,145.662361	14,041.1900785	11.9425135	5.0513744	3.89798	5.61731
45355.590277777781012	0	6,120.1868286	13,982.54393	11.9662638	5.0737938	3.89947	5.61409
45355.597222222218988	0	6,126.7203047	13,655.7101025	11.9927784	5.261565	3.90478	5.60985
45355.604166666664241	0	6,084.2244408	12,817.148306	12.0147882	5.6561445	3.90505	5.60792
45355.611111111109494	0	6,107.4645144	12,465.0966775	12.0344263	5.8764436	3.91041	5.59959
45355.618055555554747	0	6,155.6289526	12,602.868373	12.0559683	5.8763022	3.91018	5.5994601
45355.625	0	6,121.3767137	12,555.124814	12.0791997	5.8886592	3.90609	5.59843
45355.631944444445253	0	6,173.4243702	12,580.30502	12.1015816	5.9520538	3.91259	5.58747
45355.638888888890506	0	6,086.5120338	12,463.1368925	12.1108902	5.9311103	3.94272	5.53737
45355.645833333335759	0	5,984.5676172	12,276.8717745	12.1120961	5.9224372	3.9528999	5.49748
45355.652777777781012	0	6,086.3718138	12,556.9018065	12.1271053	5.8995622	3.91463	5.53544
45355.659722222218988	0	6,250.2656762	13,685.101195	12.1466581	5.5387207	3.90159	5.56419
45355.666666666664241	0	6,265.3724389	14,416.7696765	12.1753883	5.2329896	3.91142	5.57417
45355.673611111109494	0	6,190.5047167	14,467.198104	12.2160951	5.1658536	3.90976	5.58859
45355.680555555554747	0	6,173.7834181	14,481.531508	12.2367819	5.1591982	3.91304	5.5948699
45355.6875	0	6,155.6734764	14,494.801014	12.2504568	5.1449053	3.91677	5.59939
45355.694444444445253	0	6,131.3964819	14,548.4536175	12.2756492	5.1145675	3.90714	5.61881
45355.701388888890506	0	6,134.5831226	14,629.5643815	12.3143451	5.1187046	3.90548	5.62751
45355.708333333335759	0	6,201.0665698	14,833.813258	12.3559458	5.1388659	3.91637	5.6227801
45355.715277777781012	0	6,167.8777902	14,784.7510795	12.3928021	5.1588281	3.91838	5.6314101
45355.722222222218988	0	6,063.1792527	14,536.8391805	12.4248649	5.1895089	3.91694	5.63378
45355.729166666664241	0	6,020.3871876	14,508.2577805	12.4469557	5.1753647	3.90815	5.63001
45355.736111111109494	0	6,035.99802	14,622.533375	12.4556797	5.1466357	3.8946199	5.63482
45355.743055555554747	0	6,078.0356468	14,682.088557	12.4504943	5.1621714	3.8930999	5.6287899
45355.75	0	6,074.6596755	14,685.083009	12.4179349	5.1230998	3.88979	5.6246699
45355.756944444445253	0	6,042.1461084	14,632.0032175	12.3862302	5.0791019	3.88593	5.6299801
45355.763888888890506	0	6,011.7350143	14,533.3245755	12.3894313	5.0948304	3.88591	5.6299801
45355.770833333335759	0	6,018.7003855	14,545.911482	12.392887	5.1016509	3.87973	5.6335699
45355.777777777781012	0	6,042.8717554	14,602.093639	12.3935859	5.1024838	3.87986	5.6304098
45355.784722222218988	0	6,049.5485277	14,641.6162295	12.3872685	5.0850265	3.87626	5.6314599
45355.791666666664241	0	6,042.1506931	14,596.597244	12.3764053	5.0877866	3.86712	5.6340199
45355.798611111109494	0	6,011.5659446	14,522.423374	12.3488022	5.0595086	3.86255	5.63872
45355.805555555554747	0	6,085.4406321	14,706.157937	12.3193305	5.0259691	3.8577	5.6482101
45355.8125	0	6,102.1747581	14,670.3488005	12.2853004	5.0296127	3.86869	5.6403501
45355.819444444445253	0	6,050.9754318	14,530.7052975	12.2428469	4.9971336	3.86739	5.6464199
45355.826388888890506	0	6,003.3812868	14,357.209599	12.210081	4.9937312	3.86714	5.6506299
45355.833333333335759	0	6,005.0836918	14,290.647046	12.1801564	5.0007513	3.87538	5.64881
45355.840277777781012	0	6,005.6292337	14,268.125324	12.150886	4.9894612	3.86886	5.65595
45355.847222222218988	0	5,962.5778372	14,098.75538	12.124029	4.9969764	3.87293	5.6518899
45355.854166666664241	0	5,956.4529102	14,069.7976585	12.1066686	4.9814991	3.8724	5.65741
45355.861111111109494	0	5,940.5857226	14,007.382569	12.0751153	4.9624582	3.86842	5.6653501
45355.868055555554747	0	5,917.1570703	13,881.3847585	12.0288993	4.9524844	3.87871	5.6638201
45355.875	0	5,941.2132711	13,896.2776555	12.0064479	4.9509042	3.87711	5.67151
45355.881944444445253	0	6,052.3458199	14,084.975368	11.9894535	4.9670781	3.88061	5.66788
45355.888888888890506	0	6,043.4394773	14,043.4562825	11.970985	4.959759	3.88248	5.67134
45355.895833333335759	0	5,956.6280175	13,804.2224835	11.9482424	4.956795	3.8782	5.68092
45355.902777777781012	0	5,945.9115405	13,705.6029935	11.9250093	4.9692483	3.88705	5.67471
45355.909722222218988	0	5,955.1348927	13,550.7340615	11.911446	5.0454559	3.88314	5.6830999
45355.916666666664241	0	6,001.3923339	13,302.8592935	11.9020528	5.2165724	3.88598	5.6808999
45355.923611111109494	0	6,022.9085398	13,213.098578	11.8945168	5.2768328	3.894	5.6773499
45355.930555555554747	0	5,978.9099926	13,105.185667	11.8868322	5.2741927	3.891	5.6837499
45355.9375	0	5,958.9090599	12,987.217753	11.867517	5.2899416	3.89954	5.6789799
45355.944444444445253	0	5,971.6952318	13,035.0471475	11.8652441	5.2789909	3.89704	5.68541
45355.951388888890506	0	5,926.5713991	12,923.526193	11.8676956	5.2894437	3.8944601	5.68328
45355.958333333335759	0	5,979.5052881	13,014.072413	11.8568056	5.2882258	3.90044	5.6786
45355.965277777781012	0	5,986.1057931	13,052.2532915	11.8537348	5.2738383	3.89816	5.68506
45355.972222222218988	0	5,974.3737888	12,968.327675	11.8490866	5.2968104	3.90103	5.67734
45355.979166666664241	0	6,023.3442674	13,105.070472	11.8505979	5.2834598	3.89752	5.68175
45355.986111111109494	0	5,956.7156251	12,989.485341	11.8547005	5.2761721	3.89824	5.68522
45355.993055555554747	0	5,918.4060817	12,900.7190205	11.8586422	5.284369	3.90151	5.68435
45356	0	5,960.3293043	13,055.7268355	11.8755906	5.2721108	3.89377	5.69862
45356.006944444445253	0	5,959.7125904	13,047.389567	11.8849992	5.2839596	3.89898	5.69736
45356.013888888890506	0	5,935.9485497	13,007.711228	11.8992063	5.2871168	3.89541	5.6943899
45356.020833333335759	0	5,973.7960376	13,111.521595	11.9071378	5.280247	3.89566	5.68534
45356.027777777781012	0	5,922.6282154	13,007.337084	11.8963613	5.2667452	3.90001	5.6836
45356.034722222218988	0	5,859.4491604	12,869.2320585	11.9014264	5.2734808	3.89729	5.69095
45356.041666666664241	0	6,015.9507055	13,172.416361	11.907441	5.3009824	3.90809	5.68353
45356.048611111109494	0	6,050.0993088	13,281.682752	11.9225011	5.2996184	3.90293	5.68851
45356.055555555554747	0	5,972.6126563	13,116.6200735	11.9286674	5.3017592	3.901	5.68186
45356.0625	0	6,023.6093408	13,227.867192	11.9149217	5.2888039	3.89972	5.67354
45356.069444444445253	0	6,028.8710985	13,252.715089	11.895856	5.2633061	3.88947	5.67949
45356.076388888890506	0	5,993.420635	13,097.7767695	11.8797831	5.2760957	3.89524	5.6725
45356.083333333335759	0	5,935.6138747	12,974.571815	11.8796281	5.2711662	3.89353	5.67793
45356.090277777781012	0	5,997.3330737	13,085.9185535	11.8657668	5.2692244	3.89515	5.67834
45356.097222222218988	0	5,986.8474607	13,267.660494	11.8545053	5.2722621	3.89849	5.6748899
45356.104166666664241	0	5,890.0209011	13,170.5587015	11.8666737	5.2622599	3.88746	5.68357
45356.111111111109494	0	5,941.0671365	12,953.929551	11.8650064	5.2745552	3.89036	5.67322
45356.118055555554747	0	5,997.5570506	13,084.657703	11.8499949	5.2615616	3.88543	5.67266
45356.125	0	6,023.3015844	13,138.4891855	11.8372268	5.2592574	3.87809	5.67337
45356.131944444445253	0	6,004.2455249	13,044.766651	11.8185381	5.2641276	3.88475	5.6682599
45356.138888888890506	0	5,971.4561399	13,007.301743	11.7952974	5.2224414	3.87408	5.68963
45356.145833333335759	0	5,982.1414402	12,994.4235065	11.7722489	5.2174198	3.87457	5.69941
45356.152777777781012	0	6,002.5366844	12,977.1151635	11.7565634	5.2290056	3.88385	5.69205
45356.159722222218988	0	6,005.7535445	12,925.971178	11.7379626	5.2407315	3.88918	5.68099
45356.166666666664241	0	6,014.2621801	12,942.4225525	11.7129042	5.24682	3.89176	5.674
45356.173611111109494	0	5,972.185989	12,871.2166795	11.7000388	5.2434379	3.8852499	5.67659
45356.180555555554747	0	5,965.8118163	12,739.301326	11.674444	5.2463513	3.88786	5.67728
45356.1875	0	5,947.3503905	12,673.277517	11.6571941	5.2276564	3.88473	5.6894699
45356.194444444445253	0	6,018.253972	12,792.8488095	11.6477334	5.2319351	3.89052	5.68453
45356.201388888890506	0	6,080.0318968	12,898.916619	11.623044	5.2212844	3.8873799	5.68476
45356.208333333335759	0	6,012.4347557	12,734.619639	11.6048733	5.2153651	3.88142	5.69071
45356.215277777781012	0	5,953.343657	12,557.661632	11.5703975	5.2075696	3.88388	5.69309
45356.222222222218988	0	5,932.6871093	12,465.095787	11.5423579	5.2020623	3.88369	5.70168
45356.229166666664241	0	6,011.0684965	12,591.9214475	11.5272437	5.2092328	3.89251	5.70436
45356.236111111109494	0	6,031.0078762	12,640.664157	11.5319479	5.2085063	3.89384	5.70897
45356.243055555554747	0	5,966.748347	12,503.693953	11.5362325	5.2108285	3.89443	5.70906
45356.25	0	6,033.0487669	12,651.976018	11.5210771	5.1920935	3.89039	5.7137
45356.256944444445253	0	6,048.4153299	12,657.355868	11.5063605	5.193275	3.89413	5.7066101
45356.263888888890506	0	5,976.0208058	12,451.516107	11.4873649	5.2018951	3.89522	5.70551
45356.270833333335759	0	5,968.4319849	12,401.7758675	11.4791025	5.2104381	3.89673	5.70929
45356.277777777781012	0	6,004.0631639	12,450.3122085	11.4669886	5.213919	3.90438	5.7056401
45356.284722222218988	0	6,044.6201341	12,518.3208735	11.4592248	5.2121127	3.9043	5.70397
45356.291666666664241	0	5,995.8087598	12,384.594163	11.4554656	5.2232756	3.91002	5.69395
45356.298611111109494	0	6,013.6779102	12,365.324521	11.4539007	5.2480879	3.91444	5.67999
45356.305555555554747	0	6,091.5844314	12,502.432676	11.4599706	5.2666784	3.91875	5.66639
45356.3125	0	6,005.0188283	12,494.171465	11.4668112	5.1857679	3.92118	5.6657499
45356.319444444445253	0	6,006.7115111	12,789.797358	11.4828919	5.0557317	3.93659	5.6556699
45356.326388888890506	0	6,062.8153318	13,107.5043405	11.5013792	4.9799282	3.93837	5.6538999
45356.333333333335759	0	6,105.5658641	13,321.3469415	11.5654906	4.9819232	3.93343	5.65454
45356.340277777781012	0	6,095.9642431	13,432.309953	11.6295049	4.9813692	3.93181	5.64923
45356.347222222218988	0	6,083.8445287	13,456.349948	11.6444995	4.97086	3.92656	5.64694
45356.354166666664241	0	6,025.1114137	13,338.921932	11.6658875	4.9863515	3.9305099	5.64077
45356.361111111109494	0	6,033.6915039	13,396.0699135	11.6755197	4.9786012	3.93012	5.64239
45356.368055555554747	0	6,170.584436	13,732.72536	11.6976427	4.982826	3.92593	5.64458
45356.375	0	6,130.8720289	13,708.619584	11.7370226	4.9919858	3.92519	5.6395
45356.381944444445253	0	6,120.6230056	13,767.243856	11.7695096	4.9857701	3.91849	5.6402
45356.388888888890506	0	6,116.8053859	13,777.510399	11.7826176	4.9869909	3.91888	5.63412
45356.395833333335759	0	6,114.2007374	13,803.7702495	11.8011349	4.9906525	3.92433	5.63012
45356.402777777781012	0	6,194.9720017	14,024.1947935	11.8160759	4.9861014	3.92553	5.6349
45356.409722222218988	0	6,213.6718726	14,058.260042	11.8322856	5.0058987	3.9247	5.63304
45356.416666666664241	0	6,155.2688186	13,959.1460155	11.8469773	5.0047434	3.9162701	5.6380399
45356.423611111109494	0	6,068.9114869	13,784.908195	11.8530525	5.0002535	3.9146801	5.6329099
45356.430555555554747	0	6,058.0003807	13,754.492926	11.8647913	5.0138128	3.91905	5.6222499
45356.4375	0	6,147.8642818	14,018.6838665	11.8837934	5.0034837	3.91038	5.62712
45356.444444444445253	0	6,023.2441454	13,764.3813825	11.9034193	5.0087599	3.90594	5.6284401
45356.451388888890506	0	5,991.2668704	13,706.275221	11.9112319	5.0093048	3.91073	5.62495
45356.458333333335759	0	6,107.9430521	13,964.0504265	11.9094546	5.0120016	3.91238	5.62723
45356.465277777781012	0	6,066.460464	13,852.03228	11.9130451	5.02387	3.91399	5.6262
45356.472222222218988	0	6,043.4561206	13,830.9743245	11.9261446	5.0213456	3.91057	5.6275999
45356.479166666664241	0	6,091.6266751	13,946.211956	11.9354134	5.028402	3.9139	5.6257
45356.486111111109494	0	6,113.7868116	14,001.41671	11.9396856	5.0304537	3.92187	5.6225
45356.493055555554747	0	6,106.9972997	14,023.5985795	11.9458801	5.0176195	3.91977	5.6326799
45356.5	0	6,087.5470948	13,983.638292	11.954835	5.0243826	3.9230999	5.63462
45356.506944444445253	0	6,139.1629051	14,130.5404135	11.9718643	5.027674	3.92639	5.63306
45356.513888888890506	0	6,037.8134691	13,933.0106755	11.9880532	5.0261167	3.91983	5.6362601
45356.520833333335759	0	6,035.8084325	13,928.405219	12.0014353	5.0392584	3.92047	5.6329
45356.527777777781012	0	6,158.9987377	14,272.595832	12.026971	5.035366	3.92381	5.63347
45356.534722222218988	0	6,144.5279519	14,278.3645415	12.0439326	5.0332677	3.92579	5.6346
45356.541666666664241	0	6,057.6010645	14,025.806472	12.0222845	5.0368872	3.92988	5.6302
45356.548611111109494	0	6,051.5816477	14,018.1265795	12.0231594	5.0345372	3.92656	5.6343399
45356.555555555554747	0	6,148.2497094	14,308.0156695	12.0795531	5.053298	3.9203599	5.6349899
45356.5625	0	6,067.7565138	14,179.5462705	12.1215461	5.0637191	3.92066	5.62681
45356.569444444445253	0	6,011.6051856	14,145.633993	12.1401575	5.0410842	3.90943	5.6246601
45356.576388888890506	0	6,172.0566114	14,549.3894565	12.1433536	5.0315584	3.90757	5.6213401
45356.583333333335759	0	6,120.9287163	14,384.3337555	12.1312258	5.0410232	3.91654	5.6162101
45356.590277777781012	0	6,086.3499441	14,255.3761735	12.1265428	5.0588188	3.91005	5.62377
45356.597222222218988	0	6,142.4032104	14,368.2912895	12.1440271	5.0855378	3.91372	5.6271201
45356.604166666664241	0	6,140.7752759	14,419.8686945	12.1709172	5.0858006	3.9256	5.6243701
45356.611111111109494	0	6,066.5162672	14,304.9892935	12.2017458	5.0871786	3.92326	5.63151
45356.618055555554747	0	6,073.3413937	14,355.5710415	12.2294866	5.097968	3.92562	5.6313
45356.625	0	6,128.7224534	14,532.0505585	12.2614598	5.1071918	3.92993	5.62832
45356.631944444445253	0	6,110.7252443	14,536.327217	12.2754074	5.0977582	3.92488	5.63446
45356.638888888890506	0	6,112.1710013	14,564.363485	12.2862613	5.0967319	3.9246799	5.6328
45356.645833333335759	0	6,130.672593	14,628.3551855	12.3040179	5.1048172	3.9291899	5.62566
45356.652777777781012	0	6,119.9560277	14,642.3866425	12.3231757	5.1040457	3.92347	5.6284199
45356.659722222218988	0	6,168.2922997	14,802.610662	12.3396311	5.0989977	3.91815	5.6257599
45356.666666666664241	0	6,142.3333573	14,772.213648	12.3589546	5.1024632	3.92092	5.61902
45356.673611111109494	0	6,066.2132035	14,613.4233795	12.3848258	5.1157142	3.91375	5.6236099
45356.680555555554747	0	6,068.3307448	14,641.71352	12.3936449	5.113049	3.90876	5.6196
45356.6875	0	6,035.1249802	14,600.101983	12.4010637	5.101619	3.9120299	5.6150301
45356.694444444445253	0	6,065.9674045	14,693.0471295	12.3999253	5.0906993	3.9086599	5.6215501
45356.701388888890506	0	6,146.1340404	14,872.58901	12.4009246	5.1002532	3.90585	5.6182501
45356.708333333335759	0	6,090.082898	14,730.8570375	12.4107382	5.1138572	3.90806	5.6109402
45356.715277777781012	0	6,031.8380957	14,620.7407695	12.4170295	5.1028765	3.9047	5.6137201
45356.722222222218988	0	6,062.1355103	14,693.340224	12.4155347	5.1023365	3.89771	5.61621
45356.729166666664241	0	6,117.8100248	14,846.096299	12.4091272	5.0874755	3.88636	5.6112701
45356.736111111109494	0	6,128.7360012	14,912.065509	12.4057261	5.0639073	3.87674	5.61849
45356.743055555554747	0	6,036.9035475	14,653.638171	12.3783157	5.0540833	3.90193	5.6482299
45356.75	0	6,005.127366	14,551.8817155	12.3328994	5.0214489	3.94864	5.69503
45356.756944444445253	0	5,975.0556422	14,409.2535695	12.2906258	5.0142318	3.97894	5.72611
45356.763888888890506	0	6,050.5675559	14,499.7459815	12.2499737	5.0181683	3.98105	5.7224399
45356.770833333335759	0	6,154.928933	14,700.163566	12.2153765	5.0095318	3.94717	5.69533
45356.777777777781012	0	6,046.0283127	14,393.531943	12.2033721	5.0231723	3.91535	5.66189
45356.784722222218988	0	5,999.4611592	14,250.863727	12.191746	5.0248383	3.89449	5.6464999
45356.791666666664241	0	6,036.7628292	14,318.9306345	12.17396	5.0146615	3.88004	5.6450499
45356.798611111109494	0	5,961.2424093	14,176.5794	12.1590963	4.982281	3.87174	5.64766
45356.805555555554747	0	5,968.9356518	14,194.813875	12.1399508	4.9639117	3.86138	5.64426
45356.8125	0	5,988.792815	14,214.075927	12.1296842	4.9679984	3.85807	5.6360401
45356.819444444445253	0	6,005.4165184	14,258.5295595	12.1203852	4.9545085	3.85883	5.63472
45356.826388888890506	0	6,047.8664136	14,377.0395585	12.1022934	4.9426262	3.85139	5.6337799
45356.833333333335759	0	6,008.5084936	14,233.963373	12.0796892	4.9519674	3.85435	5.6224199
45356.840277777781012	0	5,963.6743362	13,975.192257	12.0522465	4.9376804	3.84795	5.6286299
45356.847222222218988	0	6,033.9893729	14,118.964892	12.0391487	4.9512617	3.84791	5.62264
45356.854166666664241	0	6,040.3245679	14,116.6313735	12.0380829	4.9450591	3.84841	5.6198001
45356.861111111109494	0	6,022.1827122	14,027.320582	12.0236687	4.9370657	3.8438	5.62607
45356.868055555554747	0	5,932.6616209	13,957.902945	11.9816428	4.9416326	3.85157	5.61823
45356.875	0	5,987.1282469	13,876.3045425	11.9491541	4.9205856	3.84427	5.6242199
45356.881944444445253	0	6,014.5668406	13,716.5457655	11.9292222	4.9236465	3.84134	5.63015
45356.888888888890506	0	5,970.866477	13,715.0749205	11.8978072	4.9119957	3.84927	5.64049
45356.895833333335759	0	5,925.5141386	13,685.6572715	11.8614966	4.9043806	3.8492	5.6473201
45356.902777777781012	0	6,013.0618776	13,794.492705	11.8273368	4.9140334	3.85473	5.64066
45356.909722222218988	0	6,004.5470215	13,561.66719	11.8073732	5.0518697	3.85322	5.65363
45356.916666666664241	0	5,939.9292505	13,067.8678685	11.7855419	5.2313698	3.84712	5.66346
45356.923611111109494	0	5,956.8833592	12,899.795081	11.7554733	5.2190316	3.84494	5.66704
45356.930555555554747	0	5,960.3502759	12,732.947387	11.7278209	5.2214926	3.85317	5.6672499
45356.9375	0	5,987.4466775	12,797.505077	11.7028073	5.2330684	3.86294	5.65856
45356.944444444445253	0	6,000.6311182	12,857.0684055	11.6937787	5.2476364	3.86411	5.6526
45356.951388888890506	0	5,985.7220653	12,632.4414405	11.6832363	5.2602752	3.8687499	5.6416499
45356.958333333335759	0	5,895.9047316	12,563.692544	11.6679749	5.2395685	3.85669	5.65475
45356.965277777781012	0	5,932.3046657	12,678.4112795	11.659436	5.2170936	3.8534	5.6740601
45356.972222222218988	0	5,957.4081153	12,702.451535	11.6503709	5.2156677	3.86018	5.6797701
45356.979166666664241	0	5,901.9846727	12,790.314404	11.6491305	5.2525604	3.86598	5.66483
45356.986111111109494	0	5,958.8287377	12,811.81697	11.6300579	5.2447042	3.86911	5.65668
45356.993055555554747	0	6,036.8769679	12,826.8347255	11.6104491	5.2332218	3.86352	5.66307
45357	0	6,033.0479226	12,767.1667315	11.5957825	5.2463212	3.87228	5.66021
45357.006944444445253	0	5,967.1176928	12,777.539334	11.5898382	5.2180076	3.86723	5.6768201
45357.013888888890506	0	5,986.9810691	12,730.4579225	11.5976978	5.2064911	3.8609401	5.6887
45357.020833333335759	0	6,034.7328493	12,595.2681565	11.6026865	5.244234	3.87722	5.67858
45357.027777777781012	0	6,021.0039991	12,588.1886335	11.5974924	5.2519376	3.87633	5.6733501
45357.034722222218988	0	5,948.9581322	12,591.520143	11.5762946	5.2364136	3.87181	5.664
45357.041666666664241	0	5,939.3549779	12,503.9910315	11.5584129	5.245531	3.87345	5.65257
45357.048611111109494	0	5,986.2279805	12,531.198852	11.5401007	5.2502665	3.8737499	5.6498501
45357.055555555554747	0	6,029.7262496	12,332.216985	11.5378465	5.2434122	3.86621	5.65757
45357.0625	0	5,971.9066576	12,377.117774	11.5460956	5.2637693	3.87506	5.64885
45357.069444444445253	0	6,018.8448682	12,489.1908125	11.5340229	5.2410228	3.86688	5.6566499
45357.076388888890506	0	5,952.372861	12,419.482132	11.5289253	5.2350025	3.86292	5.65767
45357.083333333335759	0	5,856.2458713	12,477.6772235	11.5124441	5.2172115	3.85748	5.66514
45357.090277777781012	0	5,990.4312011	12,635.5141065	11.4937684	5.184185	3.84773	5.6863099
45357.097222222218988	0	6,068.4364429	12,671.2344005	11.4694604	5.2137787	3.87181	5.67037
45357.104166666664241	0	6,023.6674244	12,341.9928335	11.4732019	5.2371384	3.87506	5.6663
45357.111111111109494	0	6,045.2608225	12,136.5591935	11.4890823	5.2488972	3.86566	5.6654401
45357.118055555554747	0	6,009.9416429	12,293.403112	11.4841396	5.2446946	3.8693	5.6577001
45357.125	0	6,020.7757667	12,283.3604415	11.4686454	5.2209213	3.86245	5.66139
45357.131944444445253	0	6,039.1574582	12,264.8058285	11.4689822	5.2426215	3.86575	5.64759
45357.138888888890506	0	5,957.3242843	12,402.204071	11.4741344	5.2112665	3.85434	5.66376
45357.145833333335759	0	6,007.3593407	12,428.5850575	11.4505473	5.1701938	3.84074	5.68749
45357.152777777781012	0	5,976.1551368	12,403.851926	11.4093137	5.1838802	3.85344	5.68199
45357.159722222218988	0	5,894.7428782	12,398.2174735	11.3862283	5.1931095	3.86244	5.68383
45357.166666666664241	0	5,939.3933054	12,119.446993	11.3705932	5.1982527	3.86869	5.6853201
45357.173611111109494	0	5,968.9069387	12,006.46371	11.3626178	5.1939949	3.86295	5.6868301
45357.180555555554747	0	5,970.914512	12,406.3601635	11.3545489	5.1923521	3.8657	5.68742
45357.1875	0	5,983.3431981	12,359.669823	11.3646316	5.2077544	3.87591	5.68738
45357.194444444445253	0	5,985.106748	12,089.831694	11.3874173	5.2315956	3.8799	5.6755399
45357.201388888890506	0	5,995.1767631	12,058.970416	11.3673511	5.2144135	3.87797	5.6739399
45357.208333333335759	0	5,908.1166456	12,092.416527	11.3430404	5.202507	3.87358	5.67875
45357.215277777781012	0	5,971.8784032	12,005.4159485	11.3188095	5.2201256	3.87972	5.6692301
45357.222222222218988	0	6,062.3453322	11,997.511092	11.2954755	5.2129615	3.8744901	5.67611
45357.229166666664241	0	6,006.4051982	12,050.641601	11.2857038	5.2256005	3.8782501	5.66965
45357.236111111109494	0	6,003.0679152	12,048.898817	11.2636995	5.2044827	3.87451	5.67468
45357.243055555554747	0	6,035.2311596	12,052.9052735	11.2511844	5.1915298	3.8693	5.68568
45357.25	0	6,074.4216013	12,035.29244	11.2638153	5.2234661	3.88082	5.67573
45357.256944444445253	0	5,952.0327953	11,897.196685	11.2842645	5.2167509	3.8756	5.68053
45357.263888888890506	0	5,948.4346535	11,981.306888	11.2849881	5.2028716	3.87733	5.67942
45357.270833333335759	0	6,008.8184621	12,104.9920795	11.2831968	5.201515	3.88336	5.68264
45357.277777777781012	0	5,954.6572197	12,002.4684755	11.2885576	5.2139286	3.87851	5.68428
45357.284722222218988	0	6,048.6882349	12,038.545638	11.2954648	5.2367872	3.88748	5.66395
45357.291666666664241	0	6,112.6302147	12,197.4238965	11.3081802	5.2369448	3.88177	5.66152
45357.298611111109494	0	6,045.9613698	12,214.6402815	11.3131895	5.2515422	3.88283	5.65371
45357.305555555554747	0	6,145.2020361	12,170.394689	11.3262169	5.2682786	3.89589	5.6429201
45357.3125	0	6,168.4722632	12,461.440561	11.3523508	5.1667877	3.9074001	5.63835
45357.319444444445253	0	6,105.632278	12,941.6445475	11.3812892	5.0285735	3.9227401	5.62603
45357.326388888890506	0	6,057.5177464	13,076.966757	11.4162245	4.9977599	3.9119	5.6222201
45357.333333333335759	0	6,062.9788084	13,277.8732915	11.4582127	5.0037084	3.9061699	5.61813
45357.340277777781012	0	6,106.5901366	13,404.1674565	11.5187685	5.0031976	3.9037399	5.61259
45357.347222222218988	0	6,140.5416625	13,278.396943	11.5741942	5.0049935	3.9062	5.61592
45357.354166666664241	0	6,115.3583669	13,261.440707	11.6027232	5.0147124	3.90849	5.6158
45357.361111111109494	0	6,069.0753347	13,206.8944435	11.6309833	5.0059663	3.89744	5.61226
45357.368055555554747	0	6,055.4081252	13,298.916884	11.6606713	5.0044487	3.8906399	5.60835
45357.375	0	6,110.8817534	13,605.59015	11.6929424	5.0140865	3.90332	5.6019701
45357.381944444445253	0	6,110.9558743	13,680.764967	11.7222533	5.028309	3.9043701	5.6091101
45357.388888888890506	0	6,146.8581004	13,650.1784615	11.7439305	5.0450998	3.8998301	5.60656
45357.395833333335759	0	6,156.5332079	13,589.7506475	11.7771215	5.0467504	3.89637	5.6063
45357.402777777781012	0	6,100.0767286	13,543.0175115	11.8133236	5.0407769	3.8894	5.6117001
45357.409722222218988	0	6,124.315476	13,633.6541035	11.8459997	5.0614578	3.89314	5.6003501
45357.416666666664241	0	6,059.3701342	13,678.972411	11.8785061	5.0664173	3.89257	5.5977
45357.423611111109494	0	6,045.3500369	13,709.9051545	11.9052956	5.0630099	3.8821	5.59969
45357.430555555554747	0	6,093.5389699	13,831.241597	11.9265085	5.0781928	3.88415	5.58802
45357.4375	0	6,051.0209765	13,799.5986995	11.9452451	5.0646978	3.8826	5.5862001
45357.444444444445253	0	6,090.9952761	13,921.5014845	11.9586859	5.0627091	3.87798	5.59041
45357.451388888890506	0	6,092.3862137	13,911.3183785	11.975366	5.085886	3.88229	5.58255
45357.458333333335759	0	6,130.8168483	14,062.160845	11.9941465	5.073773	3.88118	5.5922201
45357.465277777781012	0	6,164.285525	14,161.3139245	12.001943	5.0711784	3.90715	5.6266601
45357.472222222218988	0	6,097.2264259	13,997.963098	11.9981401	5.0715981	3.96218	5.6655901
45357.479166666664241	0	6,050.5782521	13,927.003191	12.0011147	5.0557427	3.98836	5.70231
45357.486111111109494	0	6,024.7196584	13,864.425571	12.0126319	5.0695344	4.00769	5.72879
45357.493055555554747	0	6,102.2201273	14,023.954411	12.0222093	5.088531	4.0342199	5.7396201
45357.5	0	6,091.8945996	14,038.189468	12.0330525	5.0800339	4.0442799	5.7509501
45357.506944444445253	0	6,034.2712472	13,910.7703745	12.0500263	5.0944716	4.0435799	5.75106
45357.513888888890506	0	6,083.0282174	14,033.001889	12.0577805	5.0973839	4.04155	5.7452399
45357.520833333335759	0	6,053.4704099	14,011.7516575	12.0674902	5.0837069	4.03799	5.7511399
45357.527777777781012	0	6,089.0706447	14,087.0654035	12.0848795	5.1046241	4.04564	5.7517
45357.534722222218988	0	6,198.34594	14,323.28532	12.0747675	5.1025473	4.05359	5.74791
45357.541666666664241	0	6,194.4365256	14,357.4315735	12.0883995	5.0951061	4.05193	5.75297
45357.548611111109494	0	6,176.6262744	14,357.683027	12.1403121	5.1270223	4.05317	5.75327
45357.555555555554747	0	6,105.8386697	14,248.9891735	12.1729203	5.1311866	4.04889	5.751
45357.5625	0	6,021.6469095	14,119.4179595	12.1871433	5.112506	4.04046	5.74645
45357.569444444445253	0	6,049.1026515	14,188.981549	12.1917042	5.1148724	4.04089	5.74108
45357.576388888890506	0	6,059.6978366	14,199.6772385	12.1925283	5.1225207	4.0466999	5.74775
45357.583333333335759	0	6,116.2556323	14,288.891024	12.1901162	5.1403572	4.0430799	5.75052
45357.590277777781012	0	6,113.4946683	14,248.4504185	12.1963249	5.1636673	4.04306	5.7463201
45357.597222222218988	0	6,062.0276589	14,161.988477	12.2203757	5.171579	4.04617	5.7469401
45357.604166666664241	0	6,175.124795	14,431.9786005	12.250813	5.1981415	4.0463899	5.75155
45357.611111111109494	0	6,281.8544335	14,694.681321	12.2911981	5.233897	4.0539899	5.74542
45357.618055555554747	0	6,132.5736403	14,395.503889	12.3343002	5.2531284	4.0607199	5.74049
45357.625	0	6,060.0758397	14,243.4322575	12.3602713	5.263636	4.05634	5.74676
45357.631944444445253	0	6,097.4238133	14,326.8234805	12.3859892	5.2873077	4.05692	5.7442199
45357.638888888890506	0	6,116.6972801	14,416.766304	12.4206632	5.3058117	4.06274	5.7407799
45357.645833333335759	0	6,119.0642627	14,477.64676	12.4512845	5.3093335	4.05935	5.7484099
45357.652777777781012	0	6,101.4608521	14,460.677241	12.4864751	5.333081	4.05683	5.7437299
45357.659722222218988	0	6,128.4313794	14,557.6809215	12.5346629	5.3686464	4.06079	5.73347
45357.666666666664241	0	6,152.9657886	14,672.081064	12.5726528	5.3728587	4.05597	5.7324601
45357.673611111109494	0	6,036.9304493	14,448.4119905	12.6009947	5.3747182	4.04572	5.73908
45357.680555555554747	0	6,058.1300392	14,553.995459	12.6396435	5.3870675	4.04562	5.73711
45357.6875	0	6,214.379951	14,989.140894	12.6762993	5.398469	4.0476399	5.73202
45357.694444444445253	0	6,136.4084959	14,844.4853305	12.6983598	5.4029021	4.03942	5.73409
45357.701388888890506	0	6,030.5458838	14,584.4649055	12.7107686	5.4107763	4.03611	5.73294
45357.708333333335759	0	6,021.1235621	14,572.4686665	12.7205056	5.4120248	4.04004	5.73221
45357.715277777781012	0	6,040.9060598	14,652.2093515	12.7369574	5.4152115	4.03438	5.7362599
45357.722222222218988	0	6,036.678257	14,636.694004	12.758549	5.4454478	4.03295	5.7353199
45357.729166666664241	0	6,053.4211405	14,679.458686	12.7688689	5.4545374	4.0314399	5.72069
45357.736111111109494	0	6,052.5598341	14,734.2603745	12.7779212	5.4307879	4.00861	5.71592
45357.743055555554747	0	6,072.4677391	14,788.643163	12.7733035	5.4268804	3.99929	5.72538
45357.75	0	6,097.1947238	14,823.97408	12.7096796	5.3769523	4.01243	5.73041
45357.756944444445253	0	6,116.3814183	14,933.591736	12.6610655	5.2928526	4.0119299	5.74008
45357.763888888890506	0	6,139.2203636	15,006.599158	12.6599441	5.2864469	4.0102199	5.7437699
45357.770833333335759	0	6,144.4710276	15,031.343016	12.6196869	5.2426556	4.01102	5.74229
45357.777777777781012	0	6,018.9596507	14,827.5038145	12.5794395	5.1474849	3.99934	5.74401
45357.784722222218988	0	5,965.3968968	14,746.0927985	12.5498765	5.0921263	3.99538	5.7376301
45357.791666666664241	0	5,955.706504	14,761.498342	12.5136565	5.0416553	3.98448	5.74651
45357.798611111109494	0	5,934.1358695	14,678.9003175	12.4668513	5.0060355	3.9772	5.76081
45357.805555555554747	0	5,941.1510057	14,611.5564085	12.4141159	4.993054	3.98163	5.76644
45357.8125	0	5,923.8321019	14,481.287732	12.3661169	4.9935514	3.979	5.7712901
45357.819444444445253	0	5,949.7963894	14,448.68971	12.3134387	4.9880664	3.98236	5.7719501
45357.826388888890506	0	5,968.0648878	14,389.60761	12.2515686	4.9797025	3.9860501	5.7744901
45357.833333333335759	0	5,957.3788866	14,243.706325	12.190361	4.9778329	3.99108	5.7778501
45357.840277777781012	0	5,972.1633496	14,164.586625	12.1373607	4.9815133	3.9936299	5.7808101
45357.847222222218988	0	5,960.2393359	14,021.87463	12.0906924	4.9937056	4.0086	5.7775901
45357.854166666664241	0	5,942.9531369	13,944.6680465	12.0526706	4.9740914	4.00566	5.7884199
45357.861111111109494	0	6,001.3061472	14,008.596971	12.0232605	4.9804929	3.99985	5.7849899
45357.868055555554747	0	6,063.1263477	14,091.0934575	11.9767772	4.9655754	4.00178	5.78245
45357.875	0	6,036.2635766	13,980.205256	11.94396	4.9570746	4.0008	5.7892299
45357.881944444445253	0	6,061.2082274	13,958.7395605	11.9187373	4.9698218	4.01316	5.78601
45357.888888888890506	0	6,070.3055738	13,952.899547	11.8853003	4.9506535	4.01264	5.7983801
45357.895833333335759	0	5,998.6981835	13,722.6943095	11.858133	4.9583897	4.0088	5.80024
45357.902777777781012	0	5,940.1320433	13,295.937313	11.8340747	5.0786943	4.00829	5.80176
45357.909722222218988	0	5,988.494929	13,016.7519405	11.8098966	5.2454256	4.0024801	5.81013
45357.916666666664241	0	6,007.6035862	12,904.2926725	11.7823336	5.2865236	4.01158	5.7974
45357.923611111109494	0	5,991.6638865	12,860.1738995	11.7642726	5.2761634	4.01111	5.8013699
45357.930555555554747	0	5,955.0516943	12,721.381128	11.7482496	5.2820974	4.0085899	5.8017
45357.9375	0	5,946.4880541	12,648.9439655	11.734147	5.2921652	4.01658	5.7981502
45357.944444444445253	0	6,033.0634618	12,884.0660095	11.7245824	5.2831709	4.01383	5.8025701
45357.951388888890506	0	5,998.0091891	12,734.0912255	11.70804	5.2930408	4.01848	5.79214
45357.958333333335759	0	5,915.0878365	12,553.8435425	11.6907372	5.2749933	4.01609	5.80829
45357.965277777781012	0	5,967.0686475	12,727.6315145	11.6765386	5.2408827	4.00539	5.83845
45357.972222222218988	0	6,023.5472023	12,894.1437345	11.6787987	5.2545756	4.01658	5.8347999
45357.979166666664241	0	6,050.2773438	12,919.830974	11.672939	5.2707813	4.02403	5.82439
45357.986111111109494	0	6,073.2056937	12,889.5355245	11.6471122	5.2752265	4.03398	5.82042
45357.993055555554747	0	5,981.0343458	12,720.3596145	11.6411941	5.2748778	4.03701	5.81644
45358	0	5,932.328447	12,553.58376	11.6376793	5.2680741	4.03168	5.82125
45358.006944444445253	0	6,053.8358323	12,653.573005	11.6339023	5.2819179	4.03965	5.8182501
45358.013888888890506	0	5,975.1681445	12,554.842108	11.6514992	5.2807711	4.03349	5.82119
45358.020833333335759	0	5,850.6312794	12,412.771781	11.6536939	5.2851881	4.02827	5.81681
45358.027777777781012	0	5,950.8708789	12,623.8339345	11.6299051	5.2711639	4.03196	5.81288
45358.034722222218988	0	5,988.6448999	12,691.674222	11.6138172	5.2695199	4.0307	5.81724
45358.041666666664241	0	6,007.083157	12,558.8146085	11.6085606	5.3018205	4.03895	5.80903
45358.048611111109494	0	6,032.7138671	12,660.3627235	11.6207294	5.2920444	4.03825	5.8139
45358.055555555554747	0	6,006.5188645	12,625.9906195	11.6274793	5.2874722	4.0309	5.81215
45358.0625	0	5,954.6673169	12,641.22505	11.6397733	5.2868365	4.02651	5.80924
45358.069444444445253	0	5,932.2506959	12,590.6770525	11.6658434	5.2781313	4.02106	5.8142199
45358.076388888890506	0	5,983.9023071	12,545.8099825	11.6752997	5.2913561	4.02224	5.8044299
45358.083333333335759	0	5,964.4089306	12,738.532611	11.6769121	5.2726311	4.01748	5.8093499
45358.090277777781012	0	5,970.0675096	12,812.363075	11.6708703	5.2709942	4.01985	5.81143
45358.097222222218988	0	6,084.611284	12,941.6635575	11.6611049	5.276726	4.02497	5.8093001
45358.104166666664241	0	6,066.1615719	12,846.7385015	11.6683352	5.2693329	4.0192599	5.81686
45358.111111111109494	0	5,978.2851562	12,617.819603	11.664047	5.2838936	4.02139	5.80761
45358.118055555554747	0	5,974.2905884	12,632.5618275	11.6466291	5.2671988	4.01697	5.8124
45358.125	0	6,011.0709155	12,631.891165	11.6301665	5.2445677	4.01145	5.8251
45358.131944444445253	0	6,038.6937819	12,644.656763	11.6159559	5.242714	4.01586	5.82513
45358.138888888890506	0	5,995.9243018	12,702.558676	11.6061268	5.2438773	4.01808	5.82542
45358.145833333335759	0	6,054.41104	12,610.7076785	11.5955616	5.2636206	4.02781	5.81198
45358.152777777781012	0	6,079.900835	12,543.8438995	11.5964065	5.2693939	4.02271	5.8113699
45358.159722222218988	0	6,043.834585	12,625.2865155	11.5923566	5.2726593	4.01476	5.8124599
45358.166666666664241	0	6,054.1970654	12,618.1568105	11.5777523	5.2806243	4.0263399	5.80238
45358.173611111109494	0	5,936.569231	12,472.9132305	11.582427	5.2580694	4.0189399	5.80898
45358.180555555554747	0	5,925.1045214	12,361.1737395	11.5768464	5.2665606	4.0172	5.80564
45358.1875	0	5,949.7307864	12,249.704703	11.5544835	5.2546144	4.01924	5.8084101
45358.194444444445253	0	5,916.7082888	12,185.3590555	11.5327557	5.2349742	4.0148701	5.81581
45358.201388888890506	0	5,996.2627784	12,361.9154565	11.5160343	5.2563181	4.0280001	5.8101999
45358.208333333335759	0	6,086.3652028	12,501.228894	11.5020387	5.2426482	4.02093	5.8207299
45358.215277777781012	0	5,974.7611035	12,327.5692905	11.4918865	5.2494276	4.02247	5.8232501
45358.222222222218988	0	5,975.2075881	12,360.1397685	11.4846542	5.2550082	4.031	5.8165401
45358.229166666664241	0	5,994.6812603	12,356.2894075	11.478169	5.24697	4.02463	5.81921
45358.236111111109494	0	5,910.3151712	12,094.5794685	11.4694213	5.2630377	4.03264	5.8118901
45358.243055555554747	0	5,937.9165991	12,265.6733485	11.4611891	5.2554384	4.02476	5.8185301
45358.25	0	5,945.1464136	12,318.315052	11.4574636	5.2556871	4.02083	5.81723
45358.256944444445253	0	5,962.2777294	12,283.6464115	11.4586104	5.2675706	4.03313	5.81016
45358.263888888890506	0	5,995.7884815	12,385.042801	11.4579779	5.2501211	4.02768	5.81796
45358.270833333335759	0	5,956.5413405	12,282.923313	11.457268	5.2604752	4.03472	5.81044
45358.277777777781012	0	5,982.0946607	12,277.644025	11.4633195	5.2645249	4.03846	5.80979
45358.284722222218988	0	6,031.7879249	12,248.1355255	11.4671575	5.2739765	4.0366	5.80743
45358.291666666664241	0	6,067.9085718	12,274.4797215	11.4684932	5.2948643	4.04401	5.79752
45358.298611111109494	0	6,124.6043826	12,495.992105	11.4689977	5.292875	4.0463499	5.7933101
45358.305555555554747	0	6,101.6390455	12,556.19918	11.4779841	5.3152426	4.05628	5.7805301
45358.3125	0	6,098.0617968	12,630.187615	11.5082936	5.3392895	4.06829	5.7783199
45358.319444444445253	0	6,167.7482471	12,366.59108	11.5408914	5.353275	4.0715	5.7730301
45358.326388888890506	0	6,203.4272659	12,415.439226	11.5874394	5.3628693	4.07287	5.7598301
45358.333333333335759	0	6,105.7881203	12,798.0843695	11.6413466	5.3170898	4.06888	5.75917
45358.340277777781012	0	6,051.1900733	13,232.625421	11.68186	5.171578	4.06513	5.75848
45358.347222222218988	0	6,078.9487284	13,557.8029255	11.7282746	5.0520154	4.06799	5.75536
45358.354166666664241	0	6,075.355403	13,486.2991975	11.7584112	5.0431793	4.06587	5.76214
45358.361111111109494	0	6,108.1776684	13,516.231469	11.7849851	5.0588486	4.0645	5.7627
45358.368055555554747	0	6,118.9154687	13,613.062093	11.8212904	5.0761779	4.07275	5.75936
45358.375	0	6,112.9882932	13,709.006106	11.8705857	5.0774214	4.06971	5.75921
45358.381944444445253	0	6,144.0078418	13,837.185731	11.9191096	5.085281	4.06058	5.7560699
45358.388888888890506	0	6,132.1295728	13,953.935102	11.9708791	5.1011075	4.06516	5.75622
45358.395833333335759	0	6,127.0806149	14,122.215917	12.0260323	5.1005071	4.06096	5.75744
45358.402777777781012	0	6,096.2274119	14,009.7026885	12.0670842	5.1061038	4.05368	5.7575799
45358.409722222218988	0	6,042.1811158	13,811.3218535	12.1087597	5.1324478	4.05599	5.7483099
45358.416666666664241	0	6,079.0018726	13,820.316795	12.1358137	5.1337438	4.05315	5.7439
45358.423611111109494	0	6,195.4329197	14,071.173086	12.152189	5.1286016	4.04514	5.7452601
45358.430555555554747	0	6,177.2455641	14,439.2890805	12.1789693	5.1395916	4.04293	5.73858
45358.4375	0	6,172.6925808	14,351.4290955	12.2125881	5.139809	4.04084	5.73606
45358.444444444445253	0	6,107.5940159	14,158.8516055	12.2455905	5.1439973	4.03384	5.7338699
45358.451388888890506	0	6,141.9336914	14,396.80403	12.2673537	5.1535635	4.03363	5.72768
45358.458333333335759	0	6,207.3880226	14,560.6094535	12.2807791	5.1478071	4.03579	5.72744
45358.465277777781012	0	6,115.0294211	14,414.3802205	12.28512	5.1477143	4.03174	5.73396
45358.472222222218988	0	6,034.9265112	14,168.098613	12.2934785	5.1554263	4.03097	5.7300799
45358.479166666664241	0	6,051.5989869	14,210.6722115	12.2969241	5.1519467	4.03379	5.7264199
45358.486111111109494	0	6,021.7487646	14,277.7831925	12.2923196	5.1528308	4.02758	5.7294799
45358.493055555554747	0	6,011.2120267	14,272.735514	12.297603	5.1673645	4.0256999	5.72576
45358.5	0	6,102.8175881	14,506.681944	12.2981884	5.1655135	4.0335399	5.72689
45358.506944444445253	0	6,109.1623635	14,420.500866	12.2918216	5.1719259	4.0365799	5.73931
45358.513888888890506	0	6,064.2573709	14,229.5844445	12.2987044	5.2052588	4.04319	5.74009
45358.520833333335759	0	6,135.3833717	14,396.4467115	12.3215847	5.2282255	4.05055	5.7370599
45358.527777777781012	0	6,140.4098826	14,453.7286125	12.3327082	5.2319148	4.04325	5.73914
45358.534722222218988	0	6,087.0537889	14,348.0779	12.3232374	5.2332097	4.04256	5.73692
45358.541666666664241	0	6,106.2310987	14,396.6635215	12.3255245	5.2361776	4.05495	5.7383501
45358.548611111109494	0	6,054.4859255	14,227.697326	12.3460615	5.2446001	4.05412	5.7462901
45358.555555555554747	0	6,022.1125195	14,247.444484	12.3920522	5.2742943	4.05146	5.74887
45358.5625	0	6,103.5087522	14,491.2356425	12.4357093	5.3077809	4.0570899	5.74443
45358.569444444445253	0	6,104.4382812	14,440.418348	12.4571049	5.327184	4.05472	5.74094
45358.576388888890506	0	6,070.1484642	14,355.4172385	12.4814281	5.3444663	4.04963	5.7393001
45358.583333333335759	0	6,038.2918088	14,282.1772295	12.4970968	5.3510087	4.05157	5.73182
45358.590277777781012	0	6,034.9537256	14,359.405578	12.5126219	5.3402401	4.05183	5.73111
45358.597222222218988	0	6,031.2736208	14,387.8979275	12.5412085	5.3445273	4.04653	5.7339199
45358.604166666664241	0	6,003.151279	14,321.225659	12.568317	5.3696056	4.04738	5.73093
45358.611111111109494	0	6,072.3581026	14,519.0534225	12.6013948	5.3863183	4.05204	5.72791
45358.618055555554747	0	6,119.3309616	14,669.1388945	12.6275857	5.3936922	4.04265	5.72946
45358.625	0	6,120.7321115	14,667.739752	12.6509838	5.4193729	4.03989	5.72853
45358.631944444445253	0	6,074.0678613	14,548.6921225	12.6750662	5.4471352	4.05002	5.7284699
45358.638888888890506	0	6,046.15885	14,536.8142895	12.6874588	5.4323733	4.05141	5.7300599
45358.645833333335759	0	6,123.2143482	14,828.08564	12.6934114	5.385591	4.04737	5.7328599
45358.652777777781012	0	6,084.8696048	14,752.2062185	12.6961842	5.381317	4.04912	5.7307999
45358.659722222218988	0	6,051.3538578	14,608.4876975	12.694312	5.410168	4.05337	5.7281099
45358.666666666664241	0	6,120.0145388	14,686.349605	12.6898469	5.4477275	4.0518299	5.73335
45358.673611111109494	0	6,092.8132496	14,514.64925	12.7020921	5.5122242	4.0473	5.73558
45358.680555555554747	0	6,076.1636769	14,407.9403085	12.7293745	5.5713874	4.0473701	5.7351301
45358.6875	0	6,042.5746801	14,377.324899	12.7670359	5.5860207	4.04313	5.7396101
45358.694444444445253	0	5,982.3498508	14,301.7703545	12.7958721	5.5813821	4.03899	5.7354201
45358.701388888890506	0	6,097.6135569	14,595.860369	12.8035495	5.5800443	4.0442001	5.7255
45358.708333333335759	0	6,132.1492014	14,744.1864625	12.8149041	5.558634	4.04298	5.7270999
45358.715277777781012	0	6,100.232827	14,763.89334	12.8278714	5.5244004	4.03673	5.72968
45358.722222222218988	0	6,039.913987	14,687.6571825	12.8261834	5.4871535	4.02997	5.72448
45358.729166666664241	0	5,986.3130836	14,729.3453525	12.8207033	5.3947099	4.02111	5.71569
45358.736111111109494	0	6,071.992732	15,170.352414	12.8224555	5.2818977	4.00256	5.71338
45358.743055555554747	0	6,079.1009476	15,255.0868745	12.770855	5.2026131	3.99233	5.71877
45358.75	0	6,010.0148903	15,028.0603005	12.6661168	5.1258374	3.99702	5.7278
45358.756944444445253	0	6,014.429917	15,058.7991125	12.6491891	5.0953398	3.9965401	5.7378201
45358.763888888890506	0	5,992.3906227	14,970.5077245	12.6579328	5.1254219	4.0006101	5.7433501
45358.770833333335759	0	5,989.3185743	14,884.707524	12.6010696	5.1050118	3.99706	5.7484201
45358.777777777781012	0	6,067.3851608	14,989.210791	12.5435445	5.0861121	4.00068	5.7517
45358.784722222218988	0	6,118.5474264	15,050.1177365	12.5055062	5.0805284	4.00428	5.7577101
45358.791666666664241	0	6,116.0038133	15,004.183386	12.463088	5.0601995	3.99972	5.7718901
45358.798611111109494	0	6,035.6896484	14,776.4891765	12.4123003	5.0251894	3.9948399	5.78085
45358.805555555554747	0	5,991.4837744	14,600.2004665	12.36205	5.0094677	3.98978	5.7797299
45358.8125	0	5,981.5762401	14,493.1505155	12.3035877	4.9922675	3.9961599	5.77878
45358.819444444445253	0	5,975.3434933	14,401.5313115	12.2540245	4.9808974	3.99695	5.7847501
45358.826388888890506	0	5,975.0303318	14,320.8823435	12.2192931	4.9872705	4.00163	5.7805501
45358.833333333335759	0	5,974.2018678	14,266.1967625	12.1852455	4.9802417	4.00629	5.78645
45358.840277777781012	0	6,030.929517	14,339.742149	12.1547447	4.9806463	4.00201	5.7942099
45358.847222222218988	0	6,064.2289575	14,389.888392	12.1425792	4.9830205	4.00902	5.78267
45358.854166666664241	0	5,972.0661985	14,209.0988115	12.1387912	4.9601171	4.0072199	5.78809
45358.861111111109494	0	5,980.0734763	14,155.4216805	12.1134321	4.9713677	4.00998	5.7864699
45358.868055555554747	0	6,064.4289426	14,275.0205825	12.0659293	4.9645234	4.01459	5.7858399
45358.875	0	6,016.2629419	14,096.926612	12.0277124	4.9587707	4.01208	5.79279
45358.881944444445253	0	6,016.6320339	14,007.134292	12.0028003	4.9786267	4.01614	5.78507
45358.888888888890506	0	6,049.6426468	14,053.0628135	11.96763	4.9606394	4.00906	5.79354
45358.895833333335759	0	5,975.6058128	13,787.5066965	11.9190614	4.9605622	4.00806	5.79108
45358.902777777781012	0	5,979.8170285	13,724.161809	11.8843321	4.9604852	4.0148	5.79045
45358.909722222218988	0	6,019.1894163	13,508.507956	11.8551277	5.0814965	4.01193	5.80015
45358.916666666664241	0	6,005.1181299	13,043.01997	11.8192784	5.2621075	4.01704	5.7912399
45358.923611111109494	0	6,051.2227442	13,077.240279	11.7929256	5.2733018	4.0107399	5.7926099
45358.930555555554747	0	6,112.0733642	13,153.8279105	11.7655264	5.2724418	4.00522	5.78949
45358.9375	0	6,107.5437134	13,113.235597	11.7312793	5.2536628	4.01119	5.78675
45358.944444444445253	0	6,023.4663719	12,915.433134	11.7127168	5.2436936	4.0130399	5.79733
45358.951388888890506	0	6,030.2459789	12,860.5128925	11.7064273	5.2711383	4.0204599	5.7881401
45358.958333333335759	0	6,030.1098485	12,866.9943455	11.6897007	5.2511015	4.0160599	5.7968301
45358.965277777781012	0	5,998.558137	12,798.387707	11.6675804	5.2299248	4.0134799	5.81479
45358.972222222218988	0	6,102.7321118	12,957.741903	11.6409068	5.2354124	4.0264899	5.82168
45358.979166666664241	0	6,055.4939086	12,825.9591415	11.625432	5.23611	4.03828	5.82833
45358.986111111109494	0	5,976.1157861	12,593.48987	11.622514	5.264682	4.0490001	5.8161799
45358.993055555554747	0	5,987.0905763	12,621.533072	11.6262052	5.2658268	4.0505101	5.81997
45359	0	6,021.3176634	12,690.30739	11.6272843	5.268615	4.04727	5.8231301
45359.006944444445253	0	6,081.9315622	12,796.1274945	11.617912	5.2704063	4.0524	5.81558
45359.013888888890506	0	6,057.9079954	12,794.196433	11.6294215	5.2572337	4.0456099	5.82326
45359.020833333335759	0	6,054.6123458	12,727.4699085	11.6397336	5.2759163	4.04648	5.81701
45359.027777777781012	0	6,075.0445775	12,772.966777	11.6339504	5.2641868	4.04369	5.8158701
45359.034722222218988	0	6,108.6938113	12,907.972048	11.625659	5.2497075	4.03708	5.81482
45359.041666666664241	0	6,113.3938281	12,864.766942	11.6259424	5.2770804	4.0459899	5.80177
45359.048611111109494	0	6,121.4440307	12,870.9692075	11.6300721	5.2707607	4.0382899	5.80967
45359.055555555554747	0	6,149.7098732	12,911.982421	11.6357023	5.2814021	4.0356799	5.80527
45359.0625	0	6,059.4911622	12,789.1211315	11.6519686	5.2837371	4.03653	5.80535
45359.069444444445253	0	6,053.4968583	12,831.6630525	11.663723	5.2691759	4.03042	5.80671
45359.076388888890506	0	6,017.6436063	12,750.5122815	11.6682275	5.2763572	4.03716	5.79749
45359.083333333335759	0	6,030.6127417	12,779.615528	11.6674151	5.2577999	4.03139	5.80736
45359.090277777781012	0	6,098.1944503	12,870.4918685	11.6475057	5.2601703	4.03298	5.8058001
45359.097222222218988	0	6,100.1436596	12,868.599736	11.6259668	5.2611984	4.03736	5.80142
45359.104166666664241	0	6,084.901526	12,834.920031	11.621259	5.2568761	4.0317899	5.80491
45359.111111111109494	0	6,068.8198657	12,759.5881215	11.611439	5.2677394	4.03511	5.79996
45359.118055555554747	0	6,022.0035692	12,689.829095	11.6076044	5.2501675	4.02978	5.81353
45359.125	0	6,093.5721165	12,827.995194	11.6047994	5.2536026	4.03069	5.81565
45359.131944444445253	0	6,051.2222729	12,724.9005845	11.5946134	5.2500661	4.0369899	5.81375
45359.138888888890506	0	5,942.88814	12,496.7151885	11.5804766	5.2365835	4.0315499	5.82096
45359.145833333335759	0	5,898.2647827	12,351.5396105	11.5698441	5.2520706	4.03348	5.81511
45359.152777777781012	0	5,937.6101949	12,439.8553365	11.56592	5.2426618	4.03155	5.8159499
45359.159722222218988	0	6,002.393972	12,548.435284	11.555165	5.2447834	4.0303	5.8107999
45359.166666666664241	0	5,961.1167725	12,458.276337	11.5586917	5.2530726	4.0337199	5.80817
45359.173611111109494	0	5,886.5476562	12,341.1957965	11.5624198	5.2376521	4.0267	5.81624
45359.180555555554747	0	5,940.4548825	12,413.65219	11.5438246	5.2394292	4.02933	5.81135
45359.1875	0	5,991.4613181	12,521.695554	11.5328513	5.2275064	4.0271501	5.81544
45359.194444444445253	0	6,010.8748781	12,532.393305	11.527123	5.2365756	4.02976	5.81273
45359.201388888890506	0	6,092.5595313	12,644.703458	11.5039469	5.2421903	4.03027	5.80847
45359.208333333335759	0	6,057.6164233	12,551.7360895	11.4728987	5.2210587	4.0214	5.8191699
45359.215277777781012	0	5,980.7848829	12,327.85028	11.4554241	5.236637	4.03647	5.8148899
45359.222222222218988	0	5,950.1926588	12,259.177979	11.4490475	5.2332377	4.04032	5.81744
45359.229166666664241	0	5,984.0148513	12,315.736701	11.4480813	5.2384162	4.03453	5.8163499
45359.236111111109494	0	6,063.1765188	12,447.980206	11.4473006	5.2534186	4.0414201	5.8115499
45359.243055555554747	0	6,060.7543092	12,468.7906315	11.4449408	5.2382048	4.03716	5.82106
45359.25	0	6,073.507751	12,470.495275	11.4343446	5.2404796	4.04813	5.8136899
45359.256944444445253	0	6,083.657761	12,485.7040525	11.4302354	5.2389784	4.04849	5.81252
45359.263888888890506	0	5,982.9092726	12,275.7401435	11.4310562	5.2410699	4.0395	5.81738
45359.270833333335759	0	5,952.0205056	12,187.6934115	11.4316242	5.2538171	4.0445	5.8135699
45359.277777777781012	0	5,983.3498949	12,291.495312	11.4458203	5.2480274	4.04057	5.81814
45359.284722222218988	0	5,982.561213	12,336.4618975	11.474872	5.2663305	4.05006	5.81057
45359.291666666664241	0	6,008.875593	12,438.454881	11.4943803	5.2648017	4.05099	5.8070701
45359.298611111109494	0	6,095.9896754	12,596.9885855	11.4977641	5.2631717	4.04499	5.79947
45359.305555555554747	0	6,087.7474563	12,531.4758835	11.5101965	5.2992696	4.0604	5.7855699
45359.3125	0	6,011.5205955	12,498.076597	11.5403643	5.2684572	4.06736	5.7808801
45359.319444444445253	0	6,036.9187963	12,884.5799955	11.5687215	5.1305769	4.06798	5.7674601
45359.326388888890506	0	6,108.3815014	13,398.4514205	11.6327112	5.0166379	4.06316	5.76524
45359.333333333335759	0	6,215.8394287	13,774.157352	11.6812546	4.9954878	4.05808	5.7651
45359.340277777781012	0	6,185.3527347	13,734.775275	11.7081688	5.0091233	4.06039	5.75587
45359.347222222218988	0	6,046.7899318	13,533.311542	11.763072	5.0110401	4.05467	5.7592201
45359.354166666664241	0	5,981.1240722	13,451.407854	11.7821047	4.9971512	4.04521	5.76353
45359.361111111109494	0	6,062.2538084	13,645.8282335	11.7974417	5.0066146	4.04688	5.75677
45359.368055555554747	0	6,071.285996	13,705.4000375	11.8058022	4.9952786	4.04851	5.75646
45359.375	0	6,056.5244411	13,685.386517	11.8168232	4.9995544	4.0512401	5.75619
45359.381944444445253	0	6,051.7691092	13,687.0019135	11.8312508	5.0076115	4.05326	5.74653
45359.388888888890506	0	6,017.2762527	13,652.1642715	11.8360795	4.9932811	4.0428899	5.74994
45359.395833333335759	0	6,011.0098903	13,639.9044355	11.8414655	4.9979286	4.04072	5.74991
45359.402777777781012	0	6,063.4517432	13,766.741354	11.8541348	5.0037508	4.04177	5.7467601
45359.409722222218988	0	6,035.6377247	13,744.5497235	11.8628888	4.992637	4.03318	5.7568601
45359.416666666664241	0	6,004.2507571	13,669.078184	11.8669653	4.9985006	4.0326	5.7528601
45359.423611111109494	0	6,147.6566237	14,001.1487375	11.8691993	4.99791	4.03628	5.74601
45359.430555555554747	0	6,211.8689307	14,142.3802415	11.8638706	4.995143	4.0357599	5.74749
45359.4375	0	6,152.9322091	13,998.6032175	11.8671997	5.0031764	4.03665	5.74729
45359.444444444445253	0	6,104.2520408	13,897.9990015	11.8697855	5.0010555	4.03342	5.75275
45359.451388888890506	0	6,105.0989111	13,861.1677295	11.8589989	5.0090568	4.03474	5.74769
45359.458333333335759	0	6,197.1434447	14,054.7730845	11.8549801	5.0126332	4.04254	5.73986
45359.465277777781012	0	6,121.8059865	13,917.769461	11.8583135	4.9989826	4.03861	5.7511599
45359.472222222218988	0	6,018.3582862	13,685.736394	11.8613509	5.0003315	4.0375	5.7549999
45359.479166666664241	0	6,045.1941113	13,721.827097	11.8611499	5.0129202	4.04741	5.7519099
45359.486111111109494	0	6,099.1771118	13,842.749767	11.8585295	5.0113076	4.0544201	5.7573701
45359.493055555554747	0	6,167.0883713	13,993.121856	11.8595174	5.0143488	4.05973	5.7550201
45359.5	0	6,084.902839	13,800.6342645	11.8651823	5.0238298	4.0659601	5.75526
45359.506944444445253	0	6,043.4391283	13,701.682301	11.8621381	5.0237258	4.0659901	5.76525
45359.513888888890506	0	6,079.1407156	13,753.2319725	11.8555294	5.0318415	4.06766	5.76471
45359.520833333335759	0	6,053.1385546	13,684.562431	11.8513817	5.0318548	4.0708999	5.75908
45359.527777777781012	0	6,169.4455517	13,945.7458315	11.8541466	5.0341896	4.06634	5.76607
45359.534722222218988	0	6,167.5233474	13,932.6843015	11.8605238	5.0447803	4.06714	5.7692201
45359.541666666664241	0	5,998.7225003	13,581.5085895	11.872165	5.0419639	4.07009	5.7678401
45359.548611111109494	0	5,955.5006446	13,525.8353895	11.8911848	5.0400352	4.06993	5.7703602
45359.555555555554747	0	6,037.2294822	13,739.7998115	11.9137245	5.0474423	4.07311	5.7632901
45359.5625	0	6,051.8153954	13,795.908765	11.9183302	5.0425658	4.07101	5.76148
45359.569444444445253	0	6,075.6570045	13,888.9460705	11.9249691	5.0300099	4.0560899	5.7645901
45359.576388888890506	0	6,178.6123807	14,143.390376	11.9495741	5.0455527	4.0549599	5.75645
45359.583333333335759	0	6,212.6823758	14,241.2176665	11.9603844	5.0488674	4.0624899	5.7477
45359.590277777781012	0	6,207.3756986	14,269.0853315	11.9710322	5.0377022	4.05464	5.74935
45359.597222222218988	0	6,189.5961109	14,218.0758295	11.982834	5.0550371	4.05147	5.7508999
45359.604166666664241	0	6,244.9474855	14,355.284244	11.9889893	5.0583047	4.05323	5.74072
45359.611111111109494	0	6,200.245015	14,295.0165115	11.9991853	5.0405048	4.03142	5.72672
45359.618055555554747	0	6,111.8307741	14,100.276497	12.0147991	5.052078	4.00362	5.7004
45359.625	0	6,133.5335158	14,149.4023755	12.0243111	5.0727897	3.98825	5.6692601
45359.631944444445253	0	6,112.2279934	14,131.759074	12.0287596	5.0561343	3.96718	5.6530601
45359.638888888890506	0	6,031.0575096	13,952.9603545	12.0397165	5.0599517	3.94628	5.6411101
45359.645833333335759	0	5,986.9358616	13,845.0053685	12.0543426	5.0773541	3.90501	5.59013
45359.652777777781012	0	6,005.7645412	13,929.5846975	12.0680776	5.0704856	3.9168	5.60161
45359.659722222218988	0	6,077.3332327	14,128.6640345	12.0779839	5.0642029	4.0216	5.71471
45359.666666666664241	0	6,144.8940236	14,306.9509255	12.1032259	5.0783401	4.08403	5.7687601
45359.673611111109494	0	6,069.9895947	14,183.9613145	12.1263198	5.0754604	4.08032	5.7664401
45359.680555555554747	0	6,031.0889598	14,129.0920345	12.1470889	5.0783739	4.05033	5.74456
45359.6875	0	6,090.7784619	14,288.5466595	12.1752142	5.0968174	4.02897	5.71857
45359.694444444445253	0	6,119.1835815	14,401.506957	12.2005767	5.0988818	4.0083301	5.6931299
45359.701388888890506	0	6,048.591909	14,256.652615	12.2143827	5.1017528	3.98211	5.6736999
45359.708333333335759	0	6,060.2960009	14,316.199895	12.2253646	5.0975482	3.95895	5.64715
45359.715277777781012	0	6,137.2530785	14,552.831296	12.2294194	5.0728808	3.9343	5.6172601
45359.722222222218988	0	6,087.6680444	14,455.310776	12.223848	5.0568218	3.9007499	5.59696
45359.729166666664241	0	6,049.9011037	14,361.5200265	12.2301585	5.0678343	3.86847	5.5683999
45359.736111111109494	0	6,103.53094	14,525.4941705	12.241047	5.0605594	3.83311	5.53569
45359.743055555554747	0	6,042.9396825	14,365.7578575	12.1886989	5.0163261	3.79048	5.51261
45359.75	0	6,063.2341746	14,268.518829	12.0903012	4.989857	3.75082	5.4748401
45359.756944444445253	0	6,073.1741942	14,208.74005	12.0462737	4.987379	3.71428	5.4356801
45359.763888888890506	0	6,021.8001682	14,067.9565325	12.0374492	4.9889044	3.67304	5.40845
45359.770833333335759	0	6,084.3262009	14,193.7404675	12.0284564	4.9902076	3.63629	5.3680999
45359.777777777781012	0	6,105.9989303	14,242.5977065	12.0140781	4.9774945	3.58838	5.32772
45359.784722222218988	0	5,990.9223655	13,972.3045855	12.0003527	4.9643398	3.5305	5.28644
45359.791666666664241	0	5,962.1770191	13,934.8320455	11.9831674	4.9302556	3.47316	5.25694
45359.798611111109494	0	6,023.6326076	14,097.2293725	11.954977	4.8924796	3.42248	5.2276
45359.805555555554747	0	6,021.503831	14,072.3302295	11.9473916	4.89634	3.38672	5.18815
45359.8125	0	5,979.6505689	13,934.788119	11.9343787	4.9058404	3.3438322	5.1481189
45359.819444444445253	0	6,008.6476096	13,929.8185385	11.8816539	4.8899147	3.30454	5.10343
45359.826388888890506	0	5,981.3178512	13,796.933393	11.8275726	4.8680013	3.26489	5.0711601
45359.833333333335759	0	5,927.4572238	13,552.723437	11.7814221	4.8814028	3.23422	5.0281801
45359.840277777781012	0	6,020.9076195	13,678.7717925	11.7381313	4.8829198	3.19722	4.99246
45359.847222222218988	0	6,113.3668895	13,832.4670735	11.7079035	4.8812102	3.15706	4.95785
45359.854166666664241	0	6,110.8731152	13,795.678643	11.6787804	4.8671465	3.12079	4.92233
45359.861111111109494	0	6,015.0294312	13,506.3585455	11.649102	4.8745588	3.08791	4.88872
45359.868055555554747	0	5,978.7683105	13,345.051452	11.6037356	4.8695096	3.05555	4.85547
45359.875	0	5,955.8991333	13,257.3304615	11.5651485	4.8493958	3.01412	4.83403
45359.881944444445253	0	5,899.6399975	13,069.072377	11.5416705	4.8586927	2.98569	4.80227
45359.888888888890506	0	5,912.9023804	13,044.020093	11.49892	4.8446828	2.9525	4.77914
45359.895833333335759	0	6,010.0582469	13,192.5424635	11.4426313	4.8217449	2.91755	4.75958
45359.902777777781012	0	6,036.6379612	13,182.790377	11.4034186	4.8160755	2.89041	4.73363
45359.909722222218988	0	6,017.9768727	12,718.0960455	11.387811	5.011504	2.88165	4.69584
45359.916666666664241	0	6,006.6359964	12,248.856558	11.3637642	5.2119132	2.86142	4.66786
45359.923611111109494	0	6,023.7670899	12,259.862404	11.3489392	5.2089723	2.83807	4.6479599
45359.930555555554747	0	6,114.8414966	12,413.344241	11.3314255	5.2068403	2.81996	4.6266499
45359.9375	0	5,998.8479374	12,199.0939525	11.3100825	5.1735398	2.78543	4.61476
45359.944444444445253	0	5,912.747117	12,017.571492	11.2993653	5.1668364	2.75763	4.59536
45359.951388888890506	0	5,968.0574466	12,064.693646	11.2778915	5.178395	2.73187	4.55967
45359.958333333335759	0	5,983.088538	12,025.7923695	11.2449455	5.1804676	2.71245	4.53115
45359.965277777781012	0	6,018.6638159	12,044.3442305	11.2126271	5.1750377	2.69477	4.51002
45359.972222222218988	0	5,977.8904248	11,924.777081	11.1957283	5.1775641	2.6716	4.4974
45359.979166666664241	0	6,020.1919364	11,984.2956595	11.1951035	5.189354	2.65193	4.47662
45359.986111111109494	0	6,077.7143604	12,133.1374405	11.2035979	5.1814488	2.62511	4.45813
45359.993055555554747	0	6,043.2348362	12,062.9569765	11.2056817	5.1838996	2.61213	4.43966
45360	0	5,970.8745603	11,925.353955	11.198896	5.173111	2.58605	4.4100301
45360.006944444445253	0	5,931.0345434	11,813.331548	11.188723	5.1799932	2.58204	4.3949301
45360.013888888890506	0	5,980.5404958	11,844.845801	11.1774196	5.202983	2.56578	4.36884
45360.020833333335759	0	5,975.1502784	11,834.050074	11.1732821	5.1985964	2.53138	4.33703
45360.027777777781012	0	5,965.4594044	11,806.653372	11.1698139	5.1992947	2.51707	4.31192
45360.034722222218988	0	5,997.5742724	11,853.0701405	11.1580008	5.1956157	2.49804	4.29415
45360.041666666664241	0	6,115.2269408	12,047.6791745	11.1468405	5.2038764	2.48186	4.2803
45360.048611111109494	0	6,064.2477075	11,943.695971	11.1457266	5.2080736	2.45459	4.26886
45360.055555555554747	0	6,045.4591286	11,937.876509	11.1519806	5.1980862	2.4355	4.2489101
45360.0625	0	6,119.7172511	12,109.2212855	11.1461433	5.1758659	2.41924	4.23106
45360.069444444445253	0	6,035.9797852	11,941.9133535	11.1460557	5.1777213	2.39683	4.21902
45360.076388888890506	0	5,919.9062917	11,740.188436	11.1515331	5.1693133	2.37161	4.21059
45360.083333333335759	0	5,877.4003881	11,692.5176345	11.1559702	5.1552269	2.35546	4.19762
45360.090277777781012	0	5,944.7971334	11,777.768246	11.1579991	5.1799964	2.35744	4.16581
45360.097222222218988	0	5,982.8051119	11,843.7390555	11.1588891	5.186233	2.34369	4.14987
45360.104166666664241	0	5,943.4678392	11,759.3994825	11.1645875	5.1961287	2.33046	4.14035
45360.111111111109494	0	5,940.149397	11,738.103139	11.1574263	5.1928419	2.31572	4.12956
45360.118055555554747	0	5,993.0689844	11,867.464036	11.1458005	5.1718133	2.28914	4.1253701
45360.125	0	5,940.0349905	11,777.3728235	11.1262831	5.1474748	2.27098	4.1140301
45360.131944444445253	0	5,948.0319654	11,754.3082835	11.1203177	5.1588902	2.26563	4.0958801
45360.138888888890506	0	5,990.0575343	11,769.165872	11.0944834	5.1665884	2.25997	4.08215
45360.145833333335759	0	5,956.3737575	11,681.646671	11.0796514	5.1645468	2.24418	4.0736
45360.152777777781012	0	5,927.8582639	11,597.337129	11.0680371	5.1680775	2.23264	4.0576799
45360.159722222218988	0	5,993.9420506	11,698.336394	11.0612058	5.1751019	2.22153	4.04864
45360.166666666664241	0	6,061.7188965	11,885.789252	11.0803815	5.1660396	2.20373	4.04463
45360.173611111109494	0	6,017.3701367	11,813.354578	11.0888776	5.1651834	2.19526	4.0243699
45360.180555555554747	0	5,902.6962305	11,624.7085955	11.0798988	5.1590339	2.1808899	4.00904
45360.1875	0	5,924.6915355	11,655.8284055	11.0731398	5.1705833	2.17229	3.98823
45360.194444444445253	0	6,000.5669308	11,722.9395675	11.0649813	5.1830683	2.1589	3.97275
45360.201388888890506	0	5,949.0706345	11,698.223926	11.0599117	5.1673038	2.13718	3.96711
45360.208333333335759	0	5,912.5673925	11,601.338394	11.0496407	5.1691908	2.13116	3.9501
45360.215277777781012	0	5,943.1060768	11,536.021617	11.033451	5.1667645	2.12251	3.9401101
45360.222222222218988	0	5,934.4440649	11,598.4919255	11.0295469	5.1661931	2.11257	3.93496
45360.229166666664241	0	6,003.5629075	11,653.7636605	11.0251219	5.174208	2.10725	3.92295
45360.236111111109494	0	5,993.5728392	11,546.0317405	10.9888275	5.1510216	2.08928	3.91724
45360.243055555554747	0	5,950.9659841	11,523.9856535	10.9495103	5.1508963	2.07938	3.90676
45360.25	0	5,962.3471683	11,459.997578	10.9538403	5.17311	2.07937	3.89252
45360.256944444445253	0	5,961.9758987	11,428.3029545	10.9783463	5.1676291	2.0683	3.89097
45360.263888888890506	0	5,900.5257764	11,391.8249125	10.9978163	5.16782	2.05885	3.88125
45360.270833333335759	0	5,961.5675636	11,612.5942945	11.0080486	5.1614095	2.05292	3.8729101
45360.277777777781012	0	6,044.3383792	11,733.7689365	11.0199954	5.1686067	2.04302	3.8611901
45360.284722222218988	0	5,994.074485	11,759.5370015	11.0325474	5.1786165	2.04006	3.84403
45360.291666666664241	0	5,956.172129	11,716.5159875	11.0263007	5.1754911	2.03067	3.83968
45360.298611111109494	0	6,072.1202784	11,738.3965745	11.013326	5.1947966	2.02621	3.82071
45360.305555555554747	0	6,121.6662987	11,788.6622295	11.0132743	5.2045929	2.0221	3.80373
45360.3125	0	6,052.3112474	11,671.9642	11.0187748	5.2018648	2.01455	3.8028
45360.319444444445253	0	6,049.4507397	11,673.498382	11.0293591	5.2103832	2.02127	3.78959
45360.326388888890506	0	6,026.3667088	11,910.0972215	11.0369728	5.0768637	2.01616	3.78465
45360.333333333335759	0	6,002.8153467	12,169.153876	11.0265364	4.9120717	2.00995	3.78412
45360.340277777781012	0	5,962.8233106	12,078.2053525	11.0116661	4.9016705	2.01593	3.77659
45360.347222222218988	0	6,000.245295	12,175.0045905	11.0205978	4.9002999	2.01814	3.7744
45360.354166666664241	0	6,125.5567307	12,484.900796	11.0425957	4.8942301	2.01401	3.78163
45360.361111111109494	0	6,138.2281397	12,515.827375	11.0649308	4.9141057	2.02178	3.78483
45360.368055555554747	0	6,063.226333	12,420.103326	11.0852668	4.9061233	2.01876	3.78951
45360.375	0	6,017.8320779	12,379.567124	11.1047553	4.8992702	2.02146	3.78584
45360.381944444445253	0	6,041.9762674	12,440.5025535	11.1270004	4.915994	2.02294	3.7815
45360.388888888890506	0	6,053.2501856	12,509.2152245	11.1466824	4.913305	2.01039	3.78426
45360.395833333335759	0	6,101.2358912	12,624.6388	11.1511893	4.9095469	2.00896	3.7782
45360.402777777781012	0	6,083.3098292	12,583.8008755	11.1551908	4.9151888	2.00795	3.77088
45360.409722222218988	0	6,067.4102026	12,573.8020725	11.17078	4.919125	2.00332	3.76208
45360.416666666664241	0	6,084.7433108	12,602.303354	11.1806994	4.9326462	1.99776	3.75681
45360.423611111109494	0	6,075.8629862	12,607.4315	11.1878652	4.9284649	1.98693	3.75851
45360.430555555554747	0	6,116.0541629	12,724.173245	11.2077584	4.9317823	1.98804	3.74725
45360.4375	0	6,157.4633546	12,825.121359	11.2331292	4.9498733	1.99142	3.73612
45360.444444444445253	0	6,115.3263059	12,733.6553815	11.2447449	4.9634255	1.9916	3.73008
45360.451388888890506	0	6,084.7898922	12,710.797235	11.2744409	4.9729001	1.98877	3.72412
45360.458333333335759	0	6,123.1456344	12,901.6893085	11.3349072	4.9786921	1.9799	3.71574
45360.465277777781012	0	6,164.1026901	13,002.787761	11.3342173	4.9706008	1.97054	3.70098
45360.472222222218988	0	6,140.0686205	12,890.03186	11.2877195	4.9545107	1.96229	3.69416
45360.479166666664241	0	6,068.2517432	12,717.8740025	11.3041838	4.981422	1.95464	3.6890099
45360.486111111109494	0	6,144.9487158	12,883.8641765	11.3141289	4.9892465	1.94816	3.68013
45360.493055555554747	0	6,138.1464233	12,904.7840585	11.326746	4.9844896	1.93729	3.67511
45360.5	0	6,128.6460789	12,896.363039	11.3335052	4.9854573	1.93735	3.66319
45360.506944444445253	0	6,130.0273853	12,928.04976	11.3395981	4.9774538	1.92839	3.65887
45360.513888888890506	0	6,023.6329203	12,703.2623615	11.3549074	4.9933115	1.91747	3.64823
45360.520833333335759	0	6,006.7057081	12,695.572447	11.3638596	4.9883274	1.90989	3.64191
45360.527777777781012	0	6,060.0561865	12,841.1022385	11.3767515	4.9843376	1.90389	3.63311
45360.534722222218988	0	6,086.0832787	12,918.2681585	11.3802554	4.9768225	1.89433	3.62565
45360.541666666664241	0	6,112.3489869	12,967.8901745	11.3799905	4.9794909	1.88178	3.61921
45360.548611111109494	0	6,153.3259034	13,024.6602345	11.3818633	4.9962282	1.87301	3.60296
45360.555555555554747	0	6,077.2451248	12,894.795808	11.391463	4.9902539	1.86605	3.60205
45360.5625	0	6,043.5969657	12,836.963684	11.4005115	4.9926212	1.86431	3.59311
45360.569444444445253	0	6,107.661055	12,977.6119865	11.3961359	4.9859271	1.85538	3.59104
45360.576388888890506	0	6,083.266072	12,926.6819965	11.3990071	4.988676	1.84415	3.58464
45360.583333333335759	0	6,092.9659452	12,928.039367	11.3966727	4.9962796	1.83604	3.57182
45360.590277777781012	0	6,117.3439381	12,995.850326	11.3968746	4.9883132	1.83112	3.56803
45360.597222222218988	0	6,131.1569187	13,044.736513	11.4037727	4.9856744	1.83343	3.55704
45360.604166666664241	0	6,007.3550927	12,788.537662	11.4127353	4.990778	1.82593	3.55529
45360.611111111109494	0	5,947.2124294	12,667.174816	11.4287737	5.0037559	1.82264	3.54794
45360.618055555554747	0	5,971.3559157	12,768.163168	11.4426561	4.9933868	1.81675	3.5469
45360.625	0	6,050.9923442	12,955.790015	11.4592229	5.0006738	1.81397	3.54381
45360.631944444445253	0	6,105.6647611	13,087.3725755	11.4721478	5.0063764	1.82182	3.5405
45360.638888888890506	0	6,131.8151515	13,161.462328	11.4783757	5.0033037	1.81755	3.53898
45360.645833333335759	0	6,155.7113526	13,194.3098905	11.4822373	5.0162825	1.8162	3.53103
45360.652777777781012	0	6,106.6456593	13,116.7089615	11.4997256	5.0182508	1.81583	3.5354901
45360.659722222218988	0	6,067.6746094	13,094.4348965	11.5313833	5.0180029	1.81351	3.5373
45360.666666666664241	0	5,954.4541208	12,894.5194105	11.5583793	5.0228982	1.81717	3.53373
45360.673611111109494	0	5,960.0178662	13,013.574272	11.5939546	5.0068109	1.80803	3.53952
45360.680555555554747	0	6,120.2652758	13,451.5203975	11.6346919	5.004305	1.80365	3.54043
45360.6875	0	6,123.8969627	13,521.654633	11.6759787	5.0139778	1.80594	3.53015
45360.694444444445253	0	6,132.4071512	13,614.944085	11.7104545	5.0102345	1.79739	3.52659
45360.701388888890506	0	6,122.9633863	13,612.337614	11.7298681	5.0235873	1.79402	3.51903
45360.708333333335759	0	6,094.6524778	13,567.4099315	11.7350038	5.0217008	1.78795	3.51352
45360.715277777781012	0	6,010.590176	13,413.0292055	11.7402758	5.0076355	1.77486	3.513
45360.722222222218988	0	5,981.7876173	13,369.9222795	11.7579472	5.0146262	1.76535	3.50095
45360.729166666664241	0	6,060.372373	13,598.763418	11.779001	5.0092749	1.75423	3.4934
45360.736111111109494	0	6,050.386311	13,599.47109	11.7908462	5.0099006	1.74436	3.4866
45360.743055555554747	0	6,024.3801954	13,547.801805	11.7953604	5.0109684	1.72905	3.46561
45360.75	0	6,016.5523659	13,556.394812	11.7994375	5.0018176	1.69891	3.44107
45360.756944444445253	0	6,082.6340622	13,702.9706285	11.7956831	5.0053316	1.67804	3.41412
45360.763888888890506	0	6,088.331633	13,786.194878	11.7856753	4.9923662	1.65728	3.40023
45360.770833333335759	0	6,074.3711252	13,736.4758105	11.7830238	4.9977718	1.63924	3.38282
45360.777777777781012	0	6,133.5254075	13,779.0597735	11.7731195	4.995336	1.62441	3.36348
45360.784722222218988	0	6,100.436838	13,694.052991	11.7644907	4.9922887	1.60833	3.35764
45360.791666666664241	0	6,099.2300122	13,669.2551085	11.7531651	4.9921202	1.59514	3.34872
45360.798611111109494	0	6,025.7494191	13,512.4610225	11.729738	4.9645214	1.57652	3.34505
45360.805555555554747	0	5,979.9207764	13,370.699397	11.712951	4.9669545	1.56046	3.33437
45360.8125	0	6,125.1385474	13,638.67138	11.7035151	4.9852906	1.5595	3.32204
45360.819444444445253	0	6,111.1681518	13,610.0502185	11.6915759	4.9721514	1.55622	3.3149199
45360.826388888890506	0	6,087.9207082	13,546.4323975	11.6788634	4.9650984	1.54244	3.3097599
45360.833333333335759	0	6,096.5628173	13,539.125962	11.6684823	4.9677933	1.53624	3.29475
45360.840277777781012	0	6,050.2957394	13,461.1818535	11.66852	4.956312	1.52281	3.29362
45360.847222222218988	0	6,080.6112767	13,505.3887105	11.6756359	4.9752573	1.51932	3.28057
45360.854166666664241	0	6,107.7413476	13,591.187958	11.680462	4.9673656	1.51065	3.26697
45360.861111111109494	0	6,013.3718747	13,381.6061535	11.6738824	4.9609192	1.49756	3.26146
45360.868055555554747	0	5,957.1539281	13,210.00709	11.6460183	4.9561606	1.49259	3.2494
45360.875	0	6,058.7619971	13,441.4115205	11.6253779	4.933707	1.4716	3.25088
45360.881944444445253	0	6,053.6042166	13,379.1165835	11.6145641	4.9488415	1.46438	3.2356001
45360.888888888890506	0	6,017.3046094	13,263.2124085	11.5890574	4.9395082	1.45505	3.227
45360.895833333335759	0	6,017.5376368	13,235.1862615	11.5621251	4.9270413	1.4434	3.22666
45360.902777777781012	0	6,062.9523073	13,186.5572505	11.5428376	4.9812475	1.44487	3.21019
45360.909722222218988	0	6,090.5055053	12,914.5509985	11.5336912	5.1370781	1.43266	3.21132
45360.916666666664241	0	6,056.2444042	12,517.300909	11.5225655	5.2863504	1.43359	3.19896
45360.923611111109494	0	6,070.1475537	12,538.0770925	11.5154773	5.2833704	1.42839	3.18694
45360.930555555554747	0	6,052.5279251	12,500.6644835	11.5184942	5.2859829	1.40872	3.19131
45360.9375	0	6,017.5752151	12,413.9593205	11.5061333	5.2807682	1.40677	3.18294
45360.944444444445253	0	6,041.0251589	12,477.011964	11.4973435	5.2653636	1.40249	3.18036
45360.951388888890506	0	6,103.7473486	12,519.30346	11.493934	5.2940672	1.40756	3.1638
45360.958333333335759	0	6,091.2256052	12,432.837299	11.4824062	5.2899431	1.40937	3.1556
45360.965277777781012	0	6,103.8786694	12,472.351567	11.4771352	5.2845963	1.39868	3.15972
45360.972222222218988	0	6,108.538684	12,553.976724	11.4801916	5.3123704	1.40378	3.1513
45360.979166666664241	0	6,054.7284445	12,500.4454815	11.4902465	5.2826938	1.39706	3.16717
45360.986111111109494	0	6,056.1576827	12,536.1250895	11.5092284	5.2709997	1.39823	3.18286
45360.993055555554747	0	6,092.4512642	12,660.5183625	11.5133008	5.288246	1.41642	3.18078
45361	0	6,052.8108104	12,459.234968	11.4974754	5.2885682	1.418	3.18305
 